"neighb_code","PC6","freq"
"BU05183638","2531AA",33
"BU05183638","2531AB",24
"BU05183638","2531AC",27
"BU05183638","2531AD",24
"BU05183638","2531AE",24
"BU05183638","2531AG",24
"BU05183638","2531AH",24
"BU05183638","2531AJ",24
"BU05183638","2531AK",24
"BU05183638","2531AL",16
"BU05183638","2531AM",17
"BU05183638","2531AN",24
"BU05183638","2531AP",24
"BU05183638","2531AR",24
"BU05183638","2531AS",24
"BU05183638","2531AT",28
"BU05183638","2531AV",3
"BU05183638","2531AW",31
"BU05183638","2531AX",35
"BU05183638","2531BA",26
"BU05183638","2531BB",24
"BU05183638","2531BC",19
"BU05183638","2531BD",24
"BU05183638","2531BE",24
"BU05183638","2531BG",24
"BU05183638","2531BH",16
"BU05183638","2531BJ",9
"BU05183638","2531BK",24
"BU05183638","2531BL",24
"BU05183638","2531BM",16
"BU05183638","2531BN",24
"BU05183638","2531BP",16
"BU05183638","2531BR",20
"BU05183638","2531BT",20
"BU05183638","2531CA",3
"BU05183638","2531CB",18
"BU05183638","2531CC",11
"BU05183638","2531CD",5
"BU05183638","2531CE",23
"BU05183638","2531CG",24
"BU05183638","2531CH",29
"BU05183638","2531EA",14
"BU05183638","2531EB",14
"BU05183638","2531EC",16
"BU05183638","2531ED",16
"BU05183638","2531EE",17
"BU05183638","2531EG",19
"BU05183638","2531EH",9
"BU05183638","2531EJ",14
"BU05183638","2531EK",1
"BU05183638","2531EM",12
"BU05183638","2531EP",18
"BU05183638","2531ER",12
"BU05183638","2531ES",18
"BU05183638","2531ET",18
"BU05183638","2531EV",18
"BU05183638","2531EW",18
"BU05183638","2531EX",18
"BU05183638","2531GA",17
"BU05183638","2531GB",28
"BU05183620","2531GR",13
"BU05183620","2531GS",23
"BU05183620","2531GT",19
"BU05183620","2531GV",13
"BU05183620","2531GW",18
"BU05183620","2531GX",16
"BU05183620","2531GZ",16
"BU05183620","2531HA",17
"BU05183620","2531HB",16
"BU05183620","2531HC",23
"BU05183620","2531HD",24
"BU05183620","2531HE",22
"BU05183620","2531HG",24
"BU05183620","2531HH",23
"BU05183620","2531HJ",16
"BU05183620","2531HK",9
"BU05183620","2531HL",20
"BU05183620","2531HM",6
"BU05183620","2531HN",19
"BU05183620","2531HP",20
"BU05183620","2531HR",20
"BU05183620","2531HS",25
"BU05183620","2531HT",20
"BU05183620","2531HV",33
"BU05183620","2531JB",6
"BU05183620","2531JC",20
"BU05183620","2531JD",3
"BU05183620","2531JE",19
"BU05183620","2531JG",7
"BU05183620","2531JH",13
"BU05183620","2531JJ",20
"BU05183620","2531JK",20
"BU05183620","2531JL",7
"BU05183620","2531JM",13
"BU05183620","2531JN",19
"BU05183620","2531JP",18
"BU05183620","2531JR",18
"BU05183620","2531JS",18
"BU05183639","2531JT",14
"BU05183639","2531JV",28
"BU05183639","2531JW",20
"BU05183639","2531JX",21
"BU05183639","2531JZ",2
"BU05183639","2531KA",22
"BU05183639","2531KB",20
"BU05183620","2531NA",47
"BU05183620","2531NB",36
"BU05183620","2531NC",31
"BU05183620","2531ND",31
"BU05183620","2531NE",43
"BU05183639","2531PB",21
"BU05183620","2531PD",35
"BU05183620","2531PE",27
"BU05183620","2531PG",17
"BU05183620","2531PH",16
"BU05183620","2531PJ",19
"BU05183620","2531PK",12
"BU05183620","2531PL",20
"BU05183620","2531PM",3
"BU05183620","2531PN",18
"BU05183620","2531PP",18
"BU05183620","2531PR",18
"BU05183620","2531PS",18
"BU05183620","2531PT",17
"BU05183620","2531PV",17
"BU05183620","2531PW",1
"BU05183620","2531PX",24
"BU05183620","2531PZ",18
"BU05183620","2531RA",12
"BU05183620","2531RB",1
"BU05183620","2531RC",18
"BU05183620","2531RD",30
"BU05183620","2531RE",21
"BU05183620","2531RG",23
"BU05183620","2531RH",14
"BU05183620","2531RJ",18
"BU05183620","2531RK",18
"BU05183620","2531RL",32
"BU05183620","2531RM",25
"BU05183620","2531RN",21
"BU05183620","2531RP",21
"BU05183620","2531RR",24
"BU05183620","2531RS",18
"BU05183620","2531RT",18
"BU05183620","2531RV",24
"BU05183620","2531RW",24
"BU05183620","2531RX",19
"BU05183620","2531RZ",18
"BU05183638","2531SB",15
"BU05183638","2531SC",15
"BU05183638","2531SE",24
"BU05183638","2531SG",24
"BU05183638","2531SH",21
"BU05183638","2531SJ",24
"BU05183638","2531SK",24
"BU05183638","2531SL",18
"BU05183638","2531SM",12
"BU05183638","2531SN",18
"BU05183638","2531SP",8
"BU05183638","2531SR",23
"BU05183638","2531ST",24
"BU05183638","2531SV",24
"BU05183638","2531SW",18
"BU05183638","2531SX",9
"BU05183637","2531TA",24
"BU05183637","2531TB",24
"BU05183637","2531TC",24
"BU05183637","2531TD",24
"BU05183637","2531TE",24
"BU05183638","2531TG",4
"BU05183638","2531TH",18
"BU05183638","2531TJ",25
"BU05183638","2531TK",21
"BU05183638","2531TL",24
"BU05183638","2531TM",24
"BU05183638","2531TN",24
"BU05183638","2531TP",24
"BU05183638","2531TR",21
"BU05183638","2531TS",24
"BU05183638","2531TT",18
"BU05183638","2531TV",24
"BU05183638","2531TW",25
"BU05183638","2531VC",25
"BU05183638","2531VD",24
"BU05183638","2531VE",28
"BU05183638","2531VG",24
"BU05183638","2531VH",24
"BU05183638","2531VJ",24
"BU05183638","2531VK",24
"BU05183638","2531VL",14
"BU05183638","2531VM",16
"BU05183638","2531VN",20
"BU05183638","2531VP",9
"BU05183638","2531VR",24
"BU05183638","2531VS",21
"BU05183638","2531VT",18
"BU05183638","2531VV",7
"BU05183638","2531VW",3
"BU05183638","2531VX",18
"BU05183638","2531VZ",16
"BU05183638","2531XA",17
"BU05183638","2531XB",11
"BU05183638","2531XC",19
"BU05183638","2531XD",26
"BU05183638","2531XE",7
"BU05183638","2531XG",27
"BU05183638","2531XH",24
"BU05183638","2531XJ",20
"BU05183638","2531XK",19
"BU05183638","2531XL",16
"BU05183638","2531XM",16
"BU05183638","2531XN",11
"BU05183638","2531XP",24
"BU05183638","2531XR",18
"BU05183638","2531XS",23
"BU05183638","2531XT",24
"BU05183638","2531XV",24
"BU05183638","2531XW",13
"BU05183638","2531XX",17
"BU05183638","2531XZ",17
"BU05183639","2532AA",17
"BU05183639","2532AB",18
"BU05183639","2532AC",18
"BU05183639","2532AD",17
"BU05183639","2532AE",25
"BU05183639","2532AG",24
"BU05183639","2532AH",24
"BU05183639","2532AJ",36
"BU05183639","2532AK",1
"BU05183639","2532AL",21
"BU05183639","2532AM",18
"BU05183639","2532AN",24
"BU05183639","2532AP",24
"BU05183639","2532AR",24
"BU05183639","2532AS",24
"BU05183639","2532AT",24
"BU05183639","2532AV",21
"BU05183639","2532AW",16
"BU05183639","2532AX",17
"BU05183639","2532AZ",33
"BU05183639","2532BA",23
"BU05183639","2532BB",24
"BU05183639","2532BC",21
"BU05183639","2532BD",20
"BU05183639","2532BE",15
"BU05183639","2532BG",36
"BU05183639","2532BH",24
"BU05183639","2532BJ",14
"BU05183639","2532BL",1
"BU05183639","2532BM",21
"BU05183639","2532BN",24
"BU05183639","2532BP",28
"BU05183639","2532BR",24
"BU05183639","2532BS",24
"BU05183639","2532BT",17
"BU05183639","2532BW",18
"BU05183639","2532BX",10
"BU05183639","2532BZ",3
"BU05183638","2532CA",18
"BU05183638","2532CB",15
"BU05183638","2532CC",20
"BU05183638","2532CD",34
"BU05183638","2532CE",24
"BU05183638","2532CG",16
"BU05183638","2532CH",24
"BU05183638","2532CJ",24
"BU05183638","2532CK",16
"BU05183638","2532CL",24
"BU05183638","2532CM",24
"BU05183638","2532CN",25
"BU05183620","2532CP",17
"BU05183620","2532CR",15
"BU05183620","2532CS",14
"BU05183620","2532CT",24
"BU05183620","2532CV",7
"BU05183639","2532DA",40
"BU05183639","2532DB",39
"BU05183639","2532DC",32
"BU05183639","2532DD",33
"BU05183639","2532DE",40
"BU05183639","2532EA",25
"BU05183639","2532EB",16
"BU05183639","2532EC",24
"BU05183639","2532ED",18
"BU05183639","2532EE",23
"BU05183639","2532EG",24
"BU05183639","2532EH",24
"BU05183639","2532EJ",16
"BU05183639","2532EK",24
"BU05183639","2532EL",24
"BU05183639","2532EM",24
"BU05183639","2532EN",24
"BU05183639","2532EP",23
"BU05183639","2532ER",18
"BU05183639","2532ES",17
"BU05183620","2532ET",17
"BU05183620","2532EV",16
"BU05183620","2532EW",18
"BU05183620","2532EX",14
"BU05183638","2532RA",16
"BU05183638","2532RB",18
"BU05183638","2532RC",17
"BU05183638","2532RD",17
"BU05183638","2532RE",16
"BU05183637","2532RG",1
"BU05183637","2532RH",25
"BU05183637","2532RJ",24
"BU05183637","2532RK",24
"BU05183637","2532RL",24
"BU05183637","2532RM",24
"BU05183637","2532RN",24
"BU05183637","2532RP",24
"BU05183637","2532RR",24
"BU05183637","2532RS",24
"BU05183637","2532RT",24
"BU05183637","2532RV",24
"BU05183637","2532RW",16
"BU05183637","2532RX",12
"BU05183639","2532SP",14
"BU05183639","2532SR",20
"BU05183639","2532ST",18
"BU05183639","2532SV",18
"BU05183639","2532SW",20
"BU05183639","2532SZ",32
"BU05183639","2532TA",7
"BU05183639","2532TB",15
"BU05183639","2532TC",18
"BU05183639","2532TD",22
"BU05183639","2532TE",8
"BU05183639","2532TK",29
"BU05183639","2532TL",1
"BU05183639","2532TR",20
"BU05183639","2532TS",15
"BU05183639","2532TT",17
"BU05183639","2532TV",13
"BU05183639","2532TX",6
"BU05183639","2532TZ",28
"BU05183639","2532VA",25
"BU05183639","2532VB",18
"BU05183639","2532VC",20
"BU05183639","2532VD",24
"BU05183639","2532VE",13
"BU05183639","2532VG",5
"BU05183639","2532VH",17
"BU05183639","2532VJ",22
"BU05183639","2532VP",24
"BU05183639","2532VR",18
"BU05183639","2532VS",18
"BU05183639","2532VT",16
"BU05183639","2532VV",24
"BU05183639","2532VW",18
"BU05183639","2532VX",26
"BU05183639","2532VZ",18
"BU05183639","2532XH",24
"BU05183639","2532XJ",24
"BU05183639","2532XK",30
"BU05183639","2532XL",24
"BU05183639","2532XM",24
"BU05183639","2532XN",20
"BU05183639","2532XP",18
"BU05183639","2532XR",25
"BU05183639","2532XS",9
"BU05183639","2532XT",22
"BU05183639","2532XV",24
"BU05183639","2532XW",18
"BU05183639","2532XX",22
"BU05183639","2532XZ",12
"BU05183489","2533AA",14
"BU05183489","2533AB",15
"BU05183489","2533AC",21
"BU05183489","2533AD",9
"BU05183489","2533AE",9
"BU05183489","2533AG",25
"BU05183489","2533AH",24
"BU05183489","2533AJ",24
"BU05183489","2533AK",24
"BU05183489","2533AL",24
"BU05183489","2533AM",19
"BU05183489","2533AP",2
"BU05183536","2533AR",15
"BU05183536","2533AS",21
"BU05183536","2533AT",14
"BU05183536","2533AV",14
"BU05183536","2533AW",14
"BU05183489","2533AX",9
"BU05183489","2533AZ",10
"BU05183489","2533BA",9
"BU05183489","2533BB",21
"BU05183480","2533BC",9
"BU05183480","2533BD",17
"BU05183480","2533BE",17
"BU05183480","2533BG",1
"BU05183480","2533BH",8
"BU05183480","2533BJ",8
"BU05183480","2533BK",6
"BU05183480","2533BL",22
"BU05183480","2533BM",6
"BU05183480","2533BN",8
"BU05183480","2533BP",6
"BU05183480","2533BR",22
"BU05183480","2533BS",6
"BU05183480","2533BT",8
"BU05183480","2533BV",6
"BU05183480","2533BW",11
"BU05183639","2533CA",3
"BU05183639","2533CB",3
"BU05183639","2533CC",16
"BU05183639","2533CD",25
"BU05183639","2533CE",18
"BU05183637","2533CG",10
"BU05183639","2533CH",24
"BU05183639","2533CJ",17
"BU05183639","2533CK",2
"BU05183639","2533CL",25
"BU05183638","2533CM",18
"BU05183638","2533CN",19
"BU05183638","2533CP",20
"BU05183638","2533CR",24
"BU05183638","2533CS",24
"BU05183638","2533CT",24
"BU05183638","2533EA",23
"BU05183638","2533EB",26
"BU05183638","2533EC",24
"BU05183638","2533ED",24
"BU05183638","2533EE",18
"BU05183638","2533EG",18
"BU05183637","2533EH",18
"BU05183637","2533EJ",18
"BU05183637","2533EK",18
"BU05183637","2533EL",18
"BU05183637","2533EM",12
"BU05183637","2533EN",24
"BU05183637","2533EP",24
"BU05183637","2533ER",21
"BU05183637","2533ES",18
"BU05183637","2533ET",15
"BU05183637","2533EV",18
"BU05183637","2533EW",19
"BU05183637","2533GA",22
"BU05183637","2533GB",20
"BU05183637","2533GC",18
"BU05183637","2533GD",18
"BU05183637","2533GE",22
"BU05183637","2533GG",25
"BU05183637","2533GH",18
"BU05183637","2533GJ",21
"BU05183637","2533GK",3
"BU05183637","2533GL",20
"BU05183637","2533GM",3
"BU05183637","2533GN",15
"BU05183637","2533GP",10
"BU05183637","2533GR",10
"BU05183637","2533GS",7
"BU05183637","2533GT",24
"BU05183637","2533GV",25
"BU05183637","2533GW",15
"BU05183637","2533GX",18
"BU05183637","2533GZ",15
"BU05183637","2533HA",12
"BU05183637","2533HC",12
"BU05183637","2533HD",27
"BU05183637","2533HE",18
"BU05183637","2533HG",21
"BU05183637","2533HH",18
"BU05183637","2533HJ",13
"BU05183637","2533HK",18
"BU05183637","2533HL",17
"BU05183637","2533HM",11
"BU05183637","2533HN",27
"BU05183637","2533HP",18
"BU05183637","2533HR",18
"BU05183637","2533HS",18
"BU05183637","2533HT",22
"BU05183637","2533HV",15
"BU05183637","2533HW",28
"BU05183637","2533HX",7
"BU05183637","2533JA",52
"BU05183637","2533JB",18
"BU05183637","2533JC",21
"BU05183637","2533JD",25
"BU05183637","2533JE",20
"BU05183637","2533JG",23
"BU05183637","2533JH",18
"BU05183637","2533JJ",15
"BU05183637","2533JK",17
"BU05183637","2533JL",18
"BU05183637","2533JM",18
"BU05183637","2533JN",18
"BU05183637","2533JP",19
"BU05183637","2533JR",18
"BU05183637","2533JS",19
"BU05183637","2533JT",14
"BU05183637","2533JV",18
"BU05183637","2533KA",24
"BU05183637","2533KB",24
"BU05183637","2533KC",24
"BU05183637","2533KD",18
"BU05183637","2533KE",24
"BU05183637","2533KG",24
"BU05183637","2533KH",25
"BU05183637","2533KJ",18
"BU05183637","2533KK",24
"BU05183637","2533KL",18
"BU05183637","2533KM",4
"BU05183637","2533KN",18
"BU05183637","2533KP",20
"BU05183637","2533KR",18
"BU05183637","2533KS",24
"BU05183637","2533KT",25
"BU05183637","2533KV",18
"BU05183637","2533KW",18
"BU05183637","2533KX",18
"BU05183637","2533LA",19
"BU05183637","2533LB",18
"BU05183637","2533LC",18
"BU05183637","2533LD",12
"BU05183637","2533LE",18
"BU05183637","2533LG",12
"BU05183637","2533LH",18
"BU05183637","2533LJ",12
"BU05183637","2533LK",30
"BU05183637","2533LL",19
"BU05183637","2533LM",18
"BU05183637","2533LN",21
"BU05183637","2533LP",13
"BU05183637","2533LR",15
"BU05183536","2533SE",1
"BU05183637","2533SG",21
"BU05183637","2533SH",7
"BU05183637","2533SJ",18
"BU05183637","2533SK",24
"BU05183637","2533SL",24
"BU05183637","2533SM",24
"BU05183637","2533SN",20
"BU05183536","2533SP",12
"BU05183536","2533SR",9
"BU05183536","2533ST",4
"BU05183536","2533SW",4
"BU05183536","2533SX",4
"BU05183637","2533TD",18
"BU05183637","2533TE",13
"BU05183637","2533TG",5
"BU05183637","2533TH",24
"BU05183637","2533TJ",15
"BU05183637","2533TK",16
"BU05183637","2533TL",24
"BU05183637","2533TM",18
"BU05183637","2533TN",24
"BU05183637","2533TP",24
"BU05183637","2533TR",24
"BU05183637","2533TS",26
"BU05183637","2533TT",24
"BU05183637","2533TV",24
"BU05183637","2533TW",24
"BU05183637","2533TX",24
"BU05183637","2533TZ",18
"BU05183637","2533VC",18
"BU05183637","2533VD",18
"BU05183637","2533VE",25
"BU05183637","2533VG",21
"BU05183637","2533VH",24
"BU05183637","2533VJ",12
"BU05183637","2533VK",16
"BU05183637","2533VL",18
"BU05183637","2533VM",15
"BU05183637","2533VN",18
"BU05183637","2533VP",20
"BU05183637","2533VR",4
"BU05183637","2533VS",4
"BU05183637","2533VT",22
"BU05183637","2533VV",20
"BU05183637","2533VW",19
"BU05183637","2533VX",12
"BU05183637","2533VZ",18
"BU05183637","2533XM",15
"BU05183637","2533XN",15
"BU05183637","2533XP",15
"BU05183637","2533XR",15
"BU05183637","2533XS",15
"BU05183637","2533XT",18
"BU05183637","2533XV",24
"BU05183637","2533XW",24
"BU05183637","2533XX",18
"BU05183637","2533XZ",24
"BU05183489","2541AA",15
"BU05183489","2541AB",10
"BU05183489","2541AC",11
"BU05183489","2541AD",15
"BU05183489","2541AE",24
"BU05183489","2541AG",24
"BU05183489","2541AH",16
"BU05183489","2541AJ",16
"BU05183489","2541AK",16
"BU05183489","2541AL",16
"BU05183489","2541AM",24
"BU05183489","2541AN",16
"BU05183489","2541AP",16
"BU05183489","2541AR",12
"BU05183489","2541AS",25
"BU05183489","2541AT",24
"BU05183489","2541AV",24
"BU05183489","2541AW",30
"BU05183489","2541AX",24
"BU05183489","2541AZ",25
"BU05183489","2541BA",25
"BU05183489","2541BB",24
"BU05183489","2541BC",24
"BU05183489","2541BD",14
"BU05183480","2541CA",57
"BU05183480","2541CB",18
"BU05183480","2541CC",12
"BU05183480","2541CD",61
"BU05183480","2541CG",20
"BU05183480","2541CH",13
"BU05183480","2541CJ",20
"BU05183480","2541CK",12
"BU05183480","2541CN",27
"BU05183480","2541CP",18
"BU05183480","2541CR",19
"BU05183480","2541CS",15
"BU05183480","2541CT",18
"BU05183480","2541CV",40
"BU05183480","2541CW",18
"BU05183480","2541CX",13
"BU05183488","2541DD",1
"BU05183480","2541EA",30
"BU05183480","2541EB",24
"BU05183480","2541EC",24
"BU05183480","2541ED",16
"BU05183480","2541EE",24
"BU05183480","2541EG",24
"BU05183480","2541EH",19
"BU05183480","2541EJ",11
"BU05183480","2541EK",22
"BU05183480","2541EL",11
"BU05183480","2541EM",22
"BU05183480","2541EN",16
"BU05183480","2541EP",16
"BU05183480","2541ER",24
"BU05183480","2541ES",24
"BU05183480","2541ET",24
"BU05183480","2541EV",16
"BU05183480","2541EW",24
"BU05183480","2541EX",16
"BU05183480","2541EZ",16
"BU05183396","2541GA",3
"BU05183398","2541GB",42
"BU05183398","2541GC",30
"BU05183398","2541GD",20
"BU05183398","2541GE",29
"BU05183398","2541GG",23
"BU05183398","2541GH",24
"BU05183398","2541GJ",24
"BU05183398","2541GK",24
"BU05183398","2541GL",24
"BU05183398","2541GM",24
"BU05183398","2541GN",24
"BU05183398","2541GP",24
"BU05183398","2541GR",24
"BU05183398","2541GS",3
"BU05183398","2541GT",22
"BU05183398","2541GV",18
"BU05183398","2541GW",15
"BU05183398","2541GX",24
"BU05183398","2541GZ",24
"BU05183480","2541HP",24
"BU05183480","2541HR",13
"BU05183480","2541HS",20
"BU05183480","2541HT",18
"BU05183480","2541HV",19
"BU05183480","2541HW",24
"BU05183480","2541HX",20
"BU05183480","2541JA",16
"BU05183480","2541JB",17
"BU05183480","2541JC",16
"BU05183480","2541JD",18
"BU05183480","2541JE",18
"BU05183480","2541JG",18
"BU05183480","2541JH",24
"BU05183480","2541JJ",24
"BU05183480","2541PL",25
"BU05183480","2541PM",18
"BU05183480","2541PN",16
"BU05183480","2541PP",18
"BU05183480","2541PR",19
"BU05183480","2541PS",16
"BU05183480","2541PT",19
"BU05183480","2541PV",17
"BU05183480","2541PW",26
"BU05183480","2541PX",17
"BU05183480","2541PZ",17
"BU05183480","2541RB",16
"BU05183480","2541RC",17
"BU05183480","2541RD",19
"BU05183480","2541RE",18
"BU05183480","2541RG",26
"BU05183480","2541RH",16
"BU05183480","2541RJ",16
"BU05183480","2541RK",16
"BU05183480","2541RL",13
"BU05183480","2541RM",24
"BU05183480","2541RN",8
"BU05183480","2541RP",14
"BU05183480","2541RR",24
"BU05183480","2541RS",24
"BU05183480","2541RT",28
"BU05183480","2541RV",28
"BU05183480","2541RW",16
"BU05183480","2541RX",16
"BU05183480","2541RZ",9
"BU05183480","2541SB",98
"BU05183480","2541SN",24
"BU05183480","2541SP",24
"BU05183480","2541SR",24
"BU05183480","2541ST",20
"BU05183480","2541SV",98
"BU05183480","2541TC",24
"BU05183480","2541TD",24
"BU05183480","2541TE",16
"BU05183480","2541TG",16
"BU05183480","2541TH",25
"BU05183480","2541TJ",24
"BU05183480","2541TK",24
"BU05183480","2541TL",25
"BU05183480","2541TM",24
"BU05183480","2541TN",25
"BU05183480","2541TP",19
"BU05183480","2541TR",13
"BU05183489","2541TS",24
"BU05183489","2541TT",25
"BU05183489","2541TV",24
"BU05183489","2541TW",19
"BU05183489","2541TX",24
"BU05183489","2541TZ",18
"BU05183489","2541VA",24
"BU05183489","2541VB",24
"BU05183489","2541VC",24
"BU05183489","2541VD",24
"BU05183489","2541VE",24
"BU05183489","2541VG",24
"BU05183489","2541VH",24
"BU05183489","2541VJ",24
"BU05183489","2541VK",26
"BU05183489","2541VL",24
"BU05183489","2541VM",16
"BU05183489","2541VN",15
"BU05183489","2541VP",14
"BU05183489","2541VR",17
"BU05183489","2541VS",15
"BU05183489","2541VT",21
"BU05183489","2541VV",22
"BU05183489","2541VW",5
"BU05183489","2541VZ",24
"BU05183489","2541XA",24
"BU05183489","2541XB",20
"BU05183489","2541XC",25
"BU05183489","2541XD",24
"BU05183489","2541XE",24
"BU05183284","2541XG",24
"BU05183489","2541XH",43
"BU05183489","2541XJ",25
"BU05183489","2541XK",24
"BU05183489","2541XL",24
"BU05183489","2541XM",24
"BU05183489","2541XN",14
"BU05183489","2541XP",16
"BU05183284","2541XR",28
"BU05183489","2541XS",15
"BU05183489","2541XT",19
"BU05183489","2541XV",24
"BU05183489","2541XW",24
"BU05183489","2541XX",24
"BU05183489","2541XZ",24
"BU05183398","2542AA",16
"BU05183398","2542AB",15
"BU05183398","2542AC",17
"BU05183398","2542AD",24
"BU05183398","2542AM",1
"BU05183398","2542AN",23
"BU05183398","2542AP",22
"BU05183398","2542AS",3
"BU05183398","2542AT",21
"BU05183398","2542AV",22
"BU05183398","2542AW",18
"BU05183398","2542AX",18
"BU05183398","2542BA",24
"BU05183398","2542BB",24
"BU05183398","2542BC",23
"BU05183398","2542BD",24
"BU05183398","2542BE",24
"BU05183398","2542BG",23
"BU05183398","2542BH",26
"BU05183398","2542BJ",23
"BU05183398","2542BK",42
"BU05183398","2542CB",19
"BU05183398","2542CC",16
"BU05183398","2542CD",16
"BU05183398","2542CE",24
"BU05183398","2542CG",24
"BU05183398","2542CH",25
"BU05183398","2542CJ",16
"BU05183398","2542CK",24
"BU05183398","2542CL",24
"BU05183398","2542CM",24
"BU05183398","2542CN",17
"BU05183398","2542CP",19
"BU05183398","2542CS",10
"BU05183398","2542CT",12
"BU05183398","2542CV",12
"BU05183398","2542CW",6
"BU05183398","2542ED",3
"BU05183398","2542EE",5
"BU05183398","2542EG",12
"BU05183398","2542EH",22
"BU05183398","2542EJ",24
"BU05183398","2542EK",16
"BU05183398","2542EL",35
"BU05183398","2542EM",20
"BU05183398","2542EN",21
"BU05183398","2542EP",9
"BU05183398","2542ER",25
"BU05183398","2542ES",31
"BU05183398","2542ET",11
"BU05183398","2542EX",32
"BU05183398","2542EZ",43
"BU05183398","2542GA",1
"BU05183398","2542GK",1
"BU05183398","2542GL",24
"BU05183398","2542GM",24
"BU05183398","2542GN",16
"BU05183398","2542GP",16
"BU05183398","2542HE",16
"BU05183398","2542HG",16
"BU05183398","2542HH",24
"BU05183398","2542HJ",25
"BU05183398","2542HK",21
"BU05183398","2542HM",23
"BU05183398","2542HN",13
"BU05183398","2542HP",1
"BU05183387","2542JA",24
"BU05183387","2542JB",16
"BU05183387","2542JC",26
"BU05183387","2542JD",16
"BU05183387","2542JE",18
"BU05183387","2542JG",14
"BU05183396","2542JH",14
"BU05183396","2542JJ",26
"BU05183396","2542JK",27
"BU05183396","2542JL",27
"BU05183396","2542JM",17
"BU05183396","2542JN",24
"BU05183396","2542JP",26
"BU05183396","2542JR",7
"BU05183398","2542JS",24
"BU05183398","2542JT",15
"BU05183398","2542JV",17
"BU05183398","2542JW",22
"BU05183398","2542JX",3
"BU05183396","2542KA",9
"BU05183396","2542KB",7
"BU05183398","2542KC",24
"BU05183398","2542KD",4
"BU05183398","2542KE",16
"BU05183398","2542KG",17
"BU05183398","2542KP",48
"BU05183398","2542LA",16
"BU05183398","2542LB",16
"BU05183398","2542LC",16
"BU05183398","2542LD",16
"BU05183398","2542LE",16
"BU05183398","2542LG",16
"BU05183398","2542LH",24
"BU05183398","2542LJ",15
"BU05183398","2542LK",17
"BU05183398","2542LL",22
"BU05183398","2542LM",17
"BU05183398","2542LN",22
"BU05183398","2542LP",24
"BU05183398","2542LR",23
"BU05183398","2542LS",24
"BU05183398","2542LT",23
"BU05183398","2542LV",24
"BU05183398","2542LW",24
"BU05183398","2542LX",16
"BU05183398","2542LZ",17
"BU05183398","2542NA",24
"BU05183398","2542NB",16
"BU05183398","2542NC",16
"BU05183398","2542ND",24
"BU05183398","2542NE",20
"BU05183398","2542NG",22
"BU05183398","2542NH",19
"BU05183398","2542NJ",26
"BU05183398","2542NK",23
"BU05183398","2542NL",23
"BU05183398","2542NM",16
"BU05183398","2542NN",15
"BU05183398","2542NP",23
"BU05183398","2542NR",8
"BU05183398","2542NS",16
"BU05183398","2542NT",18
"BU05183398","2542NV",16
"BU05183398","2542NW",7
"BU05183398","2542NX",10
"BU05183398","2542PA",16
"BU05183398","2542PB",24
"BU05183398","2542PC",22
"BU05183398","2542PD",15
"BU05183398","2542PE",24
"BU05183398","2542PK",9
"BU05183398","2542PL",25
"BU05183398","2542PM",24
"BU05183398","2542PN",24
"BU05183398","2542PP",24
"BU05183399","2542PR",18
"BU05183480","2542PS",3
"BU05183480","2542PT",3
"BU05183480","2542PV",3
"BU05183480","2542PW",3
"BU05183480","2542RA",20
"BU05183480","2542RB",24
"BU05183480","2542RC",24
"BU05183480","2542RD",16
"BU05183480","2542RE",24
"BU05183480","2542RG",16
"BU05183398","2542RH",1
"BU05183398","2542RK",2
"BU05183398","2542RV",1
"BU05183398","2542RZ",1
"BU05183398","2542TC",8
"BU05183398","2542TD",48
"BU05183398","2542TE",20
"BU05183398","2542TG",21
"BU05183398","2542TH",18
"BU05183398","2542TJ",20
"BU05183398","2542TK",43
"BU05183398","2542TL",8
"BU05183398","2542TM",17
"BU05183398","2542TN",24
"BU05183398","2542TP",20
"BU05183398","2542TR",24
"BU05183398","2542TS",28
"BU05183398","2542TT",22
"BU05183398","2542TV",24
"BU05183398","2542TW",24
"BU05183398","2542TX",24
"BU05183398","2542TZ",24
"BU05183398","2542VK",20
"BU05183398","2542VL",19
"BU05183398","2542VM",18
"BU05183398","2542VN",27
"BU05183398","2542VP",15
"BU05183398","2542VR",14
"BU05183398","2542VS",14
"BU05183398","2542VT",21
"BU05183398","2542VX",29
"BU05183398","2542VZ",16
"BU05183398","2542WX",16
"BU05183398","2542WZ",18
"BU05183398","2542XA",57
"BU05183398","2542XB",29
"BU05183398","2542XC",17
"BU05183398","2542XD",17
"BU05183398","2542XE",26
"BU05183398","2542XG",43
"BU05183398","2542XH",18
"BU05183398","2542XJ",16
"BU05183398","2542XK",16
"BU05183398","2542XL",16
"BU05183398","2542XM",16
"BU05183398","2542XN",16
"BU05183398","2542XP",16
"BU05183398","2542XR",16
"BU05183398","2542XS",24
"BU05183398","2542XT",24
"BU05183398","2542XV",24
"BU05183398","2542XW",24
"BU05183398","2542XX",17
"BU05183398","2542XZ",12
"BU05183396","2543AA",29
"BU05183396","2543AB",16
"BU05183396","2543AC",16
"BU05183396","2543AD",24
"BU05183396","2543AE",24
"BU05183396","2543AG",7
"BU05183396","2543AH",9
"BU05183396","2543AJ",21
"BU05183396","2543AK",24
"BU05183396","2543AL",16
"BU05183396","2543AM",19
"BU05183396","2543AN",22
"BU05183396","2543AP",17
"BU05183396","2543AR",16
"BU05183396","2543AS",8
"BU05183396","2543AT",18
"BU05183396","2543AV",137
"BU05183396","2543BA",30
"BU05183396","2543BB",12
"BU05183396","2543BC",24
"BU05183396","2543BD",16
"BU05183396","2543BE",16
"BU05183396","2543BG",14
"BU05183396","2543BH",17
"BU05183396","2543BJ",16
"BU05183396","2543BK",16
"BU05183396","2543BL",33
"BU05183396","2543BM",16
"BU05183396","2543BN",70
"BU05183396","2543BP",21
"BU05183396","2543BR",14
"BU05183396","2543BS",21
"BU05183396","2543BT",13
"BU05183396","2543BV",4
"BU05183396","2543CA",53
"BU05183396","2543CB",24
"BU05183396","2543CC",21
"BU05183396","2543CD",24
"BU05183396","2543CE",21
"BU05183396","2543CG",11
"BU05183396","2543CM",9
"BU05183396","2543CN",25
"BU05183396","2543CP",29
"BU05183396","2543CR",28
"BU05183396","2543CS",15
"BU05183396","2543CT",50
"BU05183396","2543CV",28
"BU05183396","2543CW",25
"BU05183396","2543CX",25
"BU05183396","2543CZ",28
"BU05183396","2543EA",30
"BU05183396","2543EB",20
"BU05183396","2543EC",29
"BU05183396","2543ED",29
"BU05183396","2543EE",29
"BU05183396","2543EG",29
"BU05183396","2543EH",29
"BU05183396","2543EJ",27
"BU05183396","2543EK",26
"BU05183396","2543GA",16
"BU05183396","2543GB",15
"BU05183396","2543GC",19
"BU05183396","2543GD",19
"BU05183396","2543GE",19
"BU05183396","2543GG",22
"BU05183396","2543GH",19
"BU05183396","2543GJ",22
"BU05183396","2543GK",19
"BU05183396","2543GL",19
"BU05183396","2543GM",15
"BU05183396","2543GN",15
"BU05183396","2543GP",19
"BU05183396","2543GR",16
"BU05183396","2543RH",4
"BU05183396","2543RJ",19
"BU05183396","2543RK",23
"BU05183396","2543RL",16
"BU05183396","2543RM",16
"BU05183396","2543RN",20
"BU05183396","2543RP",24
"BU05183396","2543RR",20
"BU05183396","2543RS",24
"BU05183396","2543RT",21
"BU05183396","2543RV",20
"BU05183396","2543RW",16
"BU05183396","2543RX",12
"BU05183396","2543RZ",18
"BU05183396","2543SE",3
"BU05183396","2543SG",3
"BU05183396","2543SH",3
"BU05183396","2543SJ",4
"BU05183396","2543SK",16
"BU05183396","2543SL",17
"BU05183398","2543SM",12
"BU05183398","2543SN",16
"BU05183398","2543SP",24
"BU05183396","2543SR",24
"BU05183396","2543ST",18
"BU05183396","2543SV",17
"BU05183396","2543SW",17
"BU05183398","2543SX",24
"BU05183398","2543SZ",16
"BU05183396","2543TA",24
"BU05183398","2543TB",27
"BU05183398","2543TC",90
"BU05183396","2543TD",24
"BU05183396","2543TE",24
"BU05183396","2543TG",21
"BU05183396","2543TH",15
"BU05183396","2543TJ",21
"BU05183396","2543TK",15
"BU05183396","2543TL",5
"BU05183396","2543TR",24
"BU05183396","2543TS",24
"BU05183396","2543TT",24
"BU05183396","2543TV",24
"BU05183396","2543TW",24
"BU05183396","2543TX",24
"BU05183396","2543TZ",8
"BU05183396","2543VE",15
"BU05183396","2543VG",1
"BU05183396","2543VH",24
"BU05183396","2543VJ",24
"BU05183396","2543VK",25
"BU05183396","2543VL",16
"BU05183396","2543VM",16
"BU05183396","2543VN",16
"BU05183396","2543VP",24
"BU05183396","2543VR",19
"BU05183396","2543VS",3
"BU05183396","2543VT",9
"BU05183396","2543VV",5
"BU05183396","2543VW",6
"BU05183396","2543VX",5
"BU05183396","2543VZ",17
"BU05183396","2543XD",24
"BU05183396","2543XE",21
"BU05183396","2543XG",26
"BU05183396","2543XH",24
"BU05183396","2543XJ",21
"BU05183396","2543XK",26
"BU05183396","2543XL",24
"BU05183396","2543XM",21
"BU05183396","2543XN",26
"BU05183396","2543XP",16
"BU05183396","2543XR",16
"BU05183396","2543XS",13
"BU05183396","2543XT",26
"BU05183396","2543XV",6
"BU05183396","2543XW",5
"BU05183396","2543XX",5
"BU05183396","2543XZ",3
"BU05183489","2544AA",24
"BU05183489","2544AB",24
"BU05183489","2544AC",24
"BU05183489","2544AD",24
"BU05183489","2544AE",24
"BU05183488","2544AG",24
"BU05183488","2544AH",26
"BU05183488","2544AJ",24
"BU05183488","2544AK",16
"BU05183488","2544AL",20
"BU05183488","2544AM",23
"BU05183488","2544AN",23
"BU05183488","2544AP",19
"BU05183488","2544AR",23
"BU05183488","2544AS",19
"BU05183488","2544AT",20
"BU05183488","2544AV",22
"BU05183488","2544AW",20
"BU05183488","2544AX",22
"BU05183489","2544BA",23
"BU05183489","2544BB",24
"BU05183489","2544BC",24
"BU05183489","2544BD",24
"BU05183488","2544BE",24
"BU05183488","2544BG",19
"BU05183488","2544BH",20
"BU05183488","2544BJ",20
"BU05183488","2544BK",25
"BU05183488","2544BL",19
"BU05183488","2544BM",8
"BU05183488","2544BN",105
"BU05183488","2544BT",26
"BU05183488","2544BV",25
"BU05183387","2544BW",1
"BU05183387","2544CA",9
"BU05183387","2544CB",7
"BU05183387","2544CC",9
"BU05183387","2544CD",7
"BU05183387","2544CE",10
"BU05183387","2544CG",6
"BU05183387","2544CH",24
"BU05183387","2544CJ",16
"BU05183387","2544CK",24
"BU05183387","2544CL",16
"BU05183387","2544CM",25
"BU05183387","2544CN",28
"BU05183387","2544CP",24
"BU05183387","2544CR",20
"BU05183387","2544CS",24
"BU05183387","2544CT",16
"BU05181785","2544CV",8
"BU05181785","2544CW",16
"BU05181785","2544CX",3
"BU05181785","2544CZ",7
"BU05181785","2544DV",3
"BU05181785","2544DW",15
"BU05181785","2544EA",10
"BU05181785","2544EB",33
"BU05181785","2544EC",25
"BU05181785","2544ED",6
"BU05181785","2544EE",8
"BU05181785","2544EG",34
"BU05181785","2544EH",8
"BU05181785","2544EJ",17
"BU05181785","2544EK",14
"BU05181785","2544EL",35
"BU05181785","2544EM",10
"BU05181785","2544EN",10
"BU05181785","2544EP",8
"BU05181785","2544ER",12
"BU05181785","2544ES",12
"BU05181785","2544ET",8
"BU05181785","2544EV",5
"BU05181785","2544EX",6
"BU05181785","2544EZ",10
"BU05183387","2544GA",19
"BU05183387","2544GB",27
"BU05183387","2544GC",18
"BU05183387","2544GD",18
"BU05183387","2544GE",24
"BU05183387","2544GG",16
"BU05183387","2544GH",28
"BU05183396","2544GJ",23
"BU05183396","2544GK",24
"BU05183396","2544GL",20
"BU05183396","2544GM",24
"BU05183396","2544GN",20
"BU05183396","2544GP",16
"BU05183396","2544GR",4
"BU05183396","2544GS",4
"BU05183396","2544GT",6
"BU05183396","2544GV",27
"BU05183396","2544GW",15
"BU05183396","2544GX",24
"BU05183396","2544GZ",24
"BU05183396","2544HA",24
"BU05183396","2544HB",16
"BU05183387","2544HC",17
"BU05183387","2544HD",18
"BU05183387","2544HE",18
"BU05183387","2544HG",28
"BU05183387","2544HJ",12
"BU05183387","2544HK",11
"BU05183387","2544HM",4
"BU05183387","2544HN",15
"BU05183387","2544HR",23
"BU05183387","2544HS",21
"BU05183387","2544HT",9
"BU05183387","2544HV",3
"BU05183387","2544HX",7
"BU05183387","2544HZ",11
"BU05183387","2544JA",20
"BU05183387","2544JB",18
"BU05183387","2544JC",18
"BU05183387","2544JD",26
"BU05183387","2544JE",17
"BU05183387","2544JG",17
"BU05183387","2544JH",24
"BU05183387","2544JJ",20
"BU05183387","2544JK",27
"BU05183387","2544JM",41
"BU05183387","2544JN",18
"BU05183387","2544JP",16
"BU05183387","2544JR",16
"BU05183387","2544JS",16
"BU05183387","2544JT",26
"BU05183387","2544JV",19
"BU05183387","2544JW",20
"BU05183387","2544JX",24
"BU05183387","2544JZ",24
"BU05183387","2544KA",27
"BU05183387","2544KB",17
"BU05183387","2544KC",26
"BU05183387","2544KD",27
"BU05183387","2544KE",18
"BU05183387","2544KG",26
"BU05183387","2544KH",26
"BU05183387","2544KJ",25
"BU05183387","2544KK",18
"BU05183387","2544KL",19
"BU05183387","2544KM",17
"BU05183387","2544KN",24
"BU05183387","2544KP",24
"BU05183387","2544KR",24
"BU05183387","2544KS",24
"BU05183387","2544KT",24
"BU05183387","2544KV",24
"BU05183387","2544KW",30
"BU05183387","2544KX",10
"BU05183387","2544KZ",28
"BU05183399","2544LA",25
"BU05183399","2544LB",28
"BU05183399","2544LC",28
"BU05183399","2544LD",24
"BU05183399","2544LE",25
"BU05183399","2544LG",25
"BU05183399","2544LH",28
"BU05183399","2544LJ",28
"BU05183399","2544LK",24
"BU05183399","2544LL",25
"BU05183399","2544LM",25
"BU05183399","2544LN",28
"BU05183399","2544LP",28
"BU05183399","2544LR",24
"BU05183399","2544LS",25
"BU05183399","2544LT",25
"BU05183399","2544LV",28
"BU05183399","2544LW",28
"BU05183399","2544LX",24
"BU05183399","2544LZ",25
"BU05183387","2544MA",20
"BU05183387","2544MB",16
"BU05183399","2544MC",1
"BU05183387","2544MD",38
"BU05183387","2544ME",39
"BU05183387","2544MG",39
"BU05183387","2544MH",39
"BU05183387","2544MJ",40
"BU05183387","2544MK",34
"BU05183387","2544MZ",2
"BU05183399","2544NB",30
"BU05183399","2544NC",8
"BU05183399","2544ND",35
"BU05183399","2544NE",28
"BU05183399","2544NG",1
"BU05183399","2544NH",8
"BU05183399","2544NJ",20
"BU05183399","2544NK",1
"BU05183399","2544NL",12
"BU05183399","2544NM",44
"BU05183399","2544NN",10
"BU05183399","2544NP",2
"BU05183399","2544NR",18
"BU05183399","2544NS",5
"BU05183399","2544NT",12
"BU05183399","2544NV",26
"BU05183399","2544NW",1
"BU05183399","2544NX",14
"BU05183399","2544NZ",14
"BU05183399","2544PA",1
"BU05183399","2544PX",23
"BU05183399","2544PZ",23
"BU05183387","2544RG",29
"BU05183387","2544RH",29
"BU05183387","2544RJ",29
"BU05183387","2544RK",29
"BU05183387","2544RL",29
"BU05183387","2544RM",38
"BU05183387","2544RN",27
"BU05183387","2544RP",3
"BU05183387","2544RR",24
"BU05183387","2544RS",21
"BU05183387","2544RT",26
"BU05183387","2544RV",24
"BU05183387","2544RW",21
"BU05183387","2544RX",26
"BU05183387","2544RZ",13
"BU05183387","2544SB",24
"BU05183387","2544SC",21
"BU05183387","2544SE",26
"BU05183387","2544SK",24
"BU05183387","2544SL",25
"BU05183387","2544SM",20
"BU05183387","2544SN",24
"BU05183387","2544SP",20
"BU05183387","2544SR",16
"BU05183387","2544ST",15
"BU05183387","2544SV",16
"BU05183387","2544SW",21
"BU05183387","2544SX",24
"BU05183387","2544SZ",20
"BU05183387","2544TK",23
"BU05183387","2544TL",24
"BU05183387","2544TM",24
"BU05183387","2544TN",34
"BU05183387","2544TP",25
"BU05183387","2544TR",24
"BU05183387","2544TS",24
"BU05183387","2544TT",24
"BU05183387","2544TV",24
"BU05183387","2544TW",17
"BU05183387","2544TX",21
"BU05183387","2544TZ",21
"BU05183387","2544VA",47
"BU05183387","2544VB",24
"BU05183387","2544VC",24
"BU05183387","2544VD",13
"BU05183387","2544VE",24
"BU05183387","2544VG",12
"BU05183387","2544VH",6
"BU05183387","2544VJ",29
"BU05183387","2544VK",28
"BU05183387","2544VL",28
"BU05183387","2544VM",28
"BU05183387","2544VP",17
"BU05183387","2544VS",1
"BU05183387","2544VT",9
"BU05183387","2544VV",7
"BU05183387","2544VW",9
"BU05183387","2544VX",7
"BU05183387","2544VZ",9
"BU05183387","2544WB",57
"BU05183387","2544WX",27
"BU05183387","2544WZ",38
"BU05183387","2544XA",7
"BU05183387","2544XD",6
"BU05183387","2544XE",4
"BU05183387","2544XG",25
"BU05183387","2544XH",2
"BU05183387","2544XK",24
"BU05183387","2544XL",15
"BU05183387","2544XM",13
"BU05183387","2544XN",25
"BU05183387","2544XP",29
"BU05183387","2544XR",30
"BU05183387","2544XS",18
"BU05183387","2544XT",15
"BU05183387","2544XV",24
"BU05183387","2544XW",27
"BU05183387","2544XX",14
"BU05183387","2544XZ",12
"BU05183284","2545AA",62
"BU05183284","2545AB",34
"BU05183488","2545AC",9
"BU05183488","2545AD",34
"BU05183488","2545AE",127
"BU05183488","2545AL",2
"BU05183488","2545AM",1
"BU05183488","2545AN",34
"BU05183387","2545AP",49
"BU05183488","2545AR",40
"BU05183488","2545AS",25
"BU05183488","2545AT",9
"BU05183284","2545AV",39
"BU05183488","2545AW",24
"BU05183387","2545AX",8
"BU05183480","2545BD",24
"BU05183480","2545BE",16
"BU05183480","2545BG",24
"BU05183480","2545BH",24
"BU05183480","2545BJ",24
"BU05183488","2545BK",34
"BU05183488","2545BL",31
"BU05183488","2545BM",33
"BU05183488","2545BN",32
"BU05183488","2545BP",33
"BU05183488","2545BR",31
"BU05183488","2545BS",33
"BU05183488","2545BT",31
"BU05183488","2545BV",24
"BU05183488","2545BW",33
"BU05183488","2545CA",17
"BU05183284","2545CD",52
"BU05183284","2545CG",10
"BU05183284","2545CJ",10
"BU05183488","2545CK",16
"BU05183488","2545CL",16
"BU05183284","2545CM",12
"BU05183284","2545CN",9
"BU05183284","2545CP",12
"BU05183284","2545CR",8
"BU05183284","2545CS",7
"BU05183284","2545CT",6
"BU05183284","2545CV",7
"BU05183284","2545CW",7
"BU05183284","2545CX",6
"BU05183284","2545CZ",88
"BU05183387","2545DB",26
"BU05183396","2545DD",38
"BU05183396","2545DE",37
"BU05183396","2545DG",23
"BU05183396","2545DH",32
"BU05183396","2545DJ",29
"BU05183396","2545DK",41
"BU05183396","2545DL",39
"BU05183398","2545DM",44
"BU05183396","2545DN",30
"BU05183398","2545DP",38
"BU05183398","2545DR",38
"BU05183398","2545DS",38
"BU05183398","2545DZ",40
"BU05183284","2545EA",24
"BU05183284","2545EB",24
"BU05183284","2545EC",16
"BU05183284","2545ED",16
"BU05183284","2545EE",24
"BU05183284","2545EG",24
"BU05183284","2545EH",22
"BU05183284","2545EJ",25
"BU05183284","2545EK",14
"BU05183284","2545EM",18
"BU05183284","2545EN",24
"BU05183284","2545EP",21
"BU05183284","2545ER",21
"BU05183284","2545ES",22
"BU05183284","2545ET",8
"BU05183284","2545EV",22
"BU05183284","2545EW",22
"BU05183488","2545GA",22
"BU05183488","2545GB",19
"BU05183488","2545GC",19
"BU05183488","2545GD",5
"BU05183488","2545GE",2
"BU05183488","2545GG",12
"BU05183488","2545GH",19
"BU05183488","2545GJ",14
"BU05183488","2545GK",19
"BU05183488","2545GL",17
"BU05183488","2545GM",40
"BU05183489","2545GN",24
"BU05183489","2545GP",61
"BU05183489","2545GR",24
"BU05183489","2545GS",16
"BU05183489","2545GT",16
"BU05183489","2545GV",25
"BU05183489","2545GW",30
"BU05183489","2545GX",22
"BU05183489","2545GZ",27
"BU05183480","2545HA",23
"BU05183480","2545HB",23
"BU05183480","2545HC",24
"BU05183480","2545HD",24
"BU05183480","2545HE",24
"BU05183480","2545HH",17
"BU05183480","2545HJ",22
"BU05183480","2545HK",27
"BU05183480","2545HL",24
"BU05183480","2545HM",25
"BU05183480","2545HN",16
"BU05183480","2545HP",18
"BU05183480","2545HR",19
"BU05183480","2545HS",18
"BU05183480","2545HT",18
"BU05183480","2545HV",19
"BU05183480","2545HW",18
"BU05183489","2545JA",3
"BU05183489","2545JB",8
"BU05183489","2545JC",24
"BU05183489","2545JD",24
"BU05183489","2545JE",16
"BU05183488","2545JG",8
"BU05183488","2545JH",6
"BU05183488","2545JJ",7
"BU05183488","2545JK",24
"BU05183488","2545JL",24
"BU05183488","2545JM",24
"BU05183488","2545JN",13
"BU05183489","2545JP",24
"BU05183489","2545JR",25
"BU05183489","2545JS",24
"BU05183489","2545JT",4
"BU05183488","2545JV",24
"BU05183488","2545JW",24
"BU05183488","2545JX",24
"BU05183488","2545JZ",26
"BU05183488","2545KA",24
"BU05183488","2545KB",26
"BU05183488","2545KC",23
"BU05183488","2545KD",16
"BU05183488","2545KE",14
"BU05183488","2545KG",28
"BU05183488","2545KH",26
"BU05183488","2545KL",2
"BU05183488","2545KX",20
"BU05183488","2545KZ",22
"BU05183488","2545LK",5
"BU05183488","2545LL",28
"BU05183488","2545LM",24
"BU05183488","2545LN",18
"BU05183488","2545LP",56
"BU05183488","2545LR",29
"BU05183488","2545LS",8
"BU05183489","2545NA",4
"BU05183489","2545NB",28
"BU05183489","2545NC",28
"BU05183489","2545ND",28
"BU05183489","2545NE",18
"BU05183489","2545NH",25
"BU05183489","2545NJ",24
"BU05183489","2545NK",44
"BU05183489","2545NL",31
"BU05183489","2545NM",28
"BU05183489","2545NN",28
"BU05183488","2545NP",25
"BU05183488","2545NR",24
"BU05183488","2545NS",16
"BU05183488","2545NT",2
"BU05183488","2545NV",3
"BU05183488","2545NW",21
"BU05183488","2545NX",24
"BU05183489","2545NZ",94
"BU05183489","2545PA",20
"BU05183489","2545PC",19
"BU05183489","2545PD",1
"BU05183489","2545PG",18
"BU05183489","2545PH",18
"BU05183489","2545PJ",19
"BU05183489","2545PK",18
"BU05183489","2545PL",18
"BU05183489","2545PM",19
"BU05183489","2545PN",17
"BU05183489","2545PP",27
"BU05183489","2545PR",28
"BU05183489","2545PS",24
"BU05183489","2545PT",24
"BU05183489","2545PV",16
"BU05183488","2545RD",92
"BU05183488","2545RE",2
"BU05183488","2545RH",18
"BU05183488","2545RJ",19
"BU05183488","2545RK",19
"BU05183488","2545RL",14
"BU05183488","2545RN",19
"BU05183488","2545RP",16
"BU05183488","2545RS",2
"BU05183488","2545RW",21
"BU05183488","2545SL",8
"BU05183488","2545SP",15
"BU05183488","2545SR",21
"BU05183488","2545SV",4
"BU05183488","2545SW",25
"BU05183488","2545SX",18
"BU05183488","2545SZ",13
"BU05183488","2545TA",20
"BU05183488","2545TB",3
"BU05183488","2545TC",25
"BU05183488","2545TD",25
"BU05183488","2545TE",24
"BU05183488","2545TG",1
"BU05183488","2545TH",14
"BU05183488","2545TK",21
"BU05183488","2545TM",17
"BU05183488","2545TP",14
"BU05183488","2545TR",5
"BU05183488","2545TS",4
"BU05183488","2545TT",20
"BU05183488","2545TV",20
"BU05183488","2545TW",8
"BU05183488","2545VA",39
"BU05183488","2545VC",15
"BU05183488","2545VD",24
"BU05183488","2545VE",22
"BU05183488","2545VG",15
"BU05183488","2545VK",16
"BU05183488","2545VN",24
"BU05183488","2545VP",1
"BU05183488","2545VR",6
"BU05183488","2545VS",27
"BU05183488","2545VT",7
"BU05183488","2545VX",8
"BU05183488","2545VZ",9
"BU05183488","2545WB",9
"BU05183488","2545WC",18
"BU05183488","2545WD",5
"BU05183488","2545WE",20
"BU05183488","2545WG",51
"BU05183488","2545WH",20
"BU05183488","2545WJ",29
"BU05183488","2545WK",49
"BU05183488","2545WL",23
"BU05183488","2545WN",17
"BU05183488","2545XA",51
"BU05183488","2545XC",9
"BU05183488","2545XD",15
"BU05183488","2545XH",1
"BU05183488","2545XJ",1
"BU05183488","2545XN",7
"BU05183488","2545XP",20
"BU05183488","2545XR",6
"BU05183488","2545XT",14
"BU05183488","2545XV",29
"BU05183488","2545XZ",2
"BU05183284","2546AA",22
"BU05183284","2546AB",14
"BU05183284","2546AC",21
"BU05183284","2546AD",20
"BU05183284","2546AE",18
"BU05183284","2546AG",24
"BU05183284","2546AH",23
"BU05183284","2546AJ",18
"BU05183284","2546AK",20
"BU05183284","2546AL",18
"BU05183284","2546AM",23
"BU05183284","2546AN",23
"BU05183284","2546AP",24
"BU05183284","2546AR",25
"BU05183284","2546AS",23
"BU05183284","2546AT",24
"BU05183284","2546AV",18
"BU05183284","2546AW",18
"BU05183284","2546BA",17
"BU05183284","2546BB",29
"BU05183284","2546BC",24
"BU05183284","2546BD",26
"BU05183284","2546BE",18
"BU05183284","2546BG",18
"BU05183284","2546BH",19
"BU05183284","2546BJ",15
"BU05183284","2546BK",18
"BU05183284","2546BL",21
"BU05183284","2546BM",24
"BU05183284","2546BN",23
"BU05183284","2546BP",25
"BU05183284","2546BR",28
"BU05183284","2546BS",28
"BU05183489","2546CA",20
"BU05183489","2546CB",23
"BU05183489","2546CC",24
"BU05183489","2546CD",13
"BU05183489","2546CE",23
"BU05183489","2546CG",18
"BU05183489","2546CH",24
"BU05183489","2546CJ",21
"BU05183284","2546CK",24
"BU05183284","2546CL",24
"BU05183284","2546CM",21
"BU05183284","2546CN",25
"BU05183284","2546CP",22
"BU05183284","2546CR",24
"BU05183284","2546CS",27
"BU05183284","2546CT",27
"BU05183284","2546CV",24
"BU05183284","2546CW",19
"BU05183284","2546CX",18
"BU05183284","2546CZ",20
"BU05183284","2546EA",20
"BU05183284","2546EB",15
"BU05183284","2546EC",18
"BU05183284","2546ED",22
"BU05183284","2546EE",25
"BU05183284","2546EG",25
"BU05183284","2546EH",22
"BU05183284","2546EJ",22
"BU05183284","2546EK",12
"BU05183284","2546EL",11
"BU05183284","2546EM",12
"BU05183284","2546EN",6
"BU05183284","2546EP",18
"BU05183284","2546ER",8
"BU05183284","2546ES",25
"BU05183284","2546RE",7
"BU05183284","2546RG",7
"BU05183284","2546RH",13
"BU05183284","2546RJ",13
"BU05183284","2546RK",23
"BU05183284","2546RL",17
"BU05183284","2546RM",24
"BU05183284","2546RN",14
"BU05183284","2546RP",24
"BU05183284","2546RR",18
"BU05183284","2546RS",18
"BU05183284","2546RT",24
"BU05183284","2546RV",24
"BU05183284","2546RW",18
"BU05183284","2546RX",20
"BU05183284","2546RZ",4
"BU05183284","2546SE",24
"BU05183284","2546SG",18
"BU05183284","2546SH",12
"BU05183284","2546SJ",24
"BU05183284","2546SK",6
"BU05183284","2546SL",15
"BU05183284","2546SM",22
"BU05183284","2546SN",25
"BU05183284","2546SP",21
"BU05183284","2546SR",24
"BU05183284","2546ST",23
"BU05183284","2546SV",26
"BU05183284","2546SW",24
"BU05183284","2546SX",24
"BU05183284","2546SZ",21
"BU05183284","2546TE",20
"BU05183284","2546TG",19
"BU05183284","2546TH",16
"BU05183284","2546TJ",19
"BU05183284","2546TK",13
"BU05183284","2546TL",14
"BU05183284","2546TM",28
"BU05183284","2546TN",16
"BU05183284","2546TP",5
"BU05183284","2546TR",27
"BU05183284","2546TS",24
"BU05183284","2546TT",17
"BU05183284","2546TV",10
"BU05183284","2546TW",19
"BU05183284","2546TX",25
"BU05183284","2546TZ",25
"BU05183284","2546VA",14
"BU05183284","2546VB",18
"BU05183284","2546VC",18
"BU05183284","2546VD",19
"BU05183284","2546VE",12
"BU05183284","2546VG",18
"BU05183284","2546VH",14
"BU05183284","2546VJ",12
"BU05183284","2546VK",18
"BU05183284","2546VL",18
"BU05183284","2546VM",18
"BU05183284","2546VN",12
"BU05183284","2546VP",18
"BU05183284","2546VR",18
"BU05183284","2546VS",12
"BU05183284","2546VT",14
"BU05183284","2546VV",28
"BU05183284","2546VW",22
"BU05183284","2546VX",26
"BU05183284","2546VZ",14
"BU05183284","2546XC",19
"BU05183284","2546XD",20
"BU05183284","2546XE",21
"BU05183284","2546XG",16
"BU05183284","2546XH",6
"BU05183284","2546XJ",23
"BU05183284","2546XK",13
"BU05183284","2546XL",14
"BU05183284","2546XM",17
"BU05183284","2546XN",12
"BU05183284","2546XP",24
"BU05183284","2546XR",21
"BU05183284","2546XS",14
"BU05183284","2546XT",21
"BU05183284","2546XV",17
"BU05183284","2546XW",23
"BU05183284","2546XX",16
"BU05183284","2546XZ",17
