"neighb_code","tot_pop","gender_male","gender_female","age_0_15","age_15_25","age_25_45","age_45_65","age_over65","migration_west","migration_non_west","hh_total","hh_single","hh_no_children","hh_with_children","hh_avg_size","education_absolved_low","education_absolved_middle","education_absolved_high","migration_Dutch"
"BU03630000",1035,610,420,45,100,575,250,75,340,175,755,525,180,45,"     1.4",60,210,750,520
"BU03630001",705,400,300,30,120,365,140,60,250,110,505,350,115,35,"     1.4",50,200,410,345
"BU03630002",1570,860,710,100,230,760,330,170,515,295,1105,765,240,95,"     1.4",70,180,1190,760
"BU03630003",350,180,170,25,60,185,65,30,125,35,235,145,65,15,"     1.5",20,80,230,190
"BU03630004",625,345,280,40,80,275,155,80,175,100,435,305,85,45,"     1.4",40,130,450,350
"BU03630100",0,0,0,0,5,5,0,0,5,0,0,0,0,0,"     1.0",0,0,0,-5
"BU03630101",600,330,265,25,85,340,120,40,235,100,435,305,100,25,"     1.4",50,130,370,265
"BU03630102",465,265,195,20,80,260,90,25,185,100,335,225,85,20,"     1.4",40,140,250,180
"BU03630103",805,430,370,45,110,440,150,70,315,125,560,375,140,40,"     1.4",90,280,390,365
"BU03630104",825,470,355,60,115,475,140,45,315,140,550,340,165,40,"     1.5",80,190,500,370
"BU03630105",730,395,330,55,110,350,165,65,280,110,520,375,95,45,"     1.4",40,200,440,340
"BU03630106",420,170,250,10,50,225,75,75,130,75,315,230,70,10,"     1.3",30,70,280,215
"BU03630107",265,150,110,10,55,135,50,15,110,35,185,120,55,10,"     1.4",10,70,210,120
"BU03630200",1840,975,865,165,190,595,510,395,565,155,1160,700,305,150,"     1.6",60,390,1130,1120
"BU03630201",1810,940,865,140,345,600,460,275,645,230,1160,740,280,135,"     1.6",150,350,1110,935
"BU03630202",2035,1075,955,135,240,745,615,315,690,215,1330,845,325,160,"     1.5",110,340,1360,1130
"BU03630203",685,375,305,45,85,250,195,120,210,85,445,275,120,50,"     1.5",410,50,130,390
"BU03630300",810,455,355,80,75,355,205,105,300,130,500,295,125,75,"     1.6",100,150,450,380
"BU03630301",130,75,55,10,15,50,35,30,40,10,80,45,25,5,"     1.6",70,20,40,80
"BU03630302",1425,730,695,130,190,490,375,260,420,125,870,520,215,130,"     1.6",100,260,840,880
"BU03630303",1505,785,720,160,210,440,470,240,415,165,915,545,215,150,"     1.6",80,360,830,925
"BU03630304",475,260,210,20,50,285,85,45,180,100,350,255,80,15,"     1.3",30,140,310,195
"BU03630305",380,220,155,20,90,220,55,10,150,105,275,195,65,10,"     1.4",0,0,0,125
"BU03630306",645,370,275,55,85,245,175,105,225,65,405,245,95,55,"     1.6",30,110,410,355
"BU03630400",470,270,200,55,30,215,135,50,125,115,280,140,90,40,"     1.7",60,70,280,230
"BU03630401",730,360,370,55,125,295,165,105,220,55,470,295,125,50,"     1.6",30,150,480,455
"BU03630402",985,475,510,100,210,360,235,95,340,175,625,380,150,90,"     1.6",130,180,590,470
"BU03630403",1065,555,505,95,110,400,310,160,280,110,695,440,160,90,"     1.5",70,270,610,675
"BU03630404",1630,790,840,125,150,425,535,405,400,235,1065,740,165,155,"     1.5",170,410,780,995
"BU03630405",1175,625,550,85,105,435,375,190,305,240,795,515,180,100,"     1.5",110,280,680,630
"BU03630406",1210,625,580,105,125,385,350,260,365,180,820,550,165,100,"     1.5",90,210,680,665
"BU03630407",1510,845,660,80,175,480,485,300,390,215,1065,755,195,115,"     1.4",170,360,810,905
"BU03630408",875,455,415,80,85,310,260,155,240,140,605,415,115,70,"     1.4",90,200,450,495
"BU03630500",1915,975,940,290,145,560,570,365,420,470,1010,465,305,235,"     1.9",290,300,920,1025
"BU03630501",1510,755,750,130,155,575,425,240,400,220,1015,690,195,125,"     1.5",130,260,910,890
"BU03630502",2480,1245,1230,235,250,840,740,425,625,470,1510,940,310,260,"     1.6",710,500,870,1385
"BU03630503",2905,1395,1510,305,285,885,945,495,725,420,1800,1100,370,325,"     1.6",290,540,1660,1760
"BU03630505",335,170,160,20,20,195,80,30,105,55,255,190,40,20,"     1.3",0,0,0,175
"BU03630506",155,85,70,15,10,55,65,25,30,35,115,90,15,10,"     1.3",20,40,80,90
"BU03630600",2720,1380,1340,230,240,1115,755,390,730,355,1855,1235,385,230,"     1.5",170,320,1900,1635
"BU03630602",2925,1440,1485,290,295,1080,785,490,830,355,1870,1190,395,285,"     1.6",720,370,1380,1740
"BU03630603",1465,725,740,125,130,545,430,250,340,315,945,575,215,145,"     1.6",110,210,890,810
"BU03630604",935,525,410,50,110,515,200,75,260,225,750,610,95,45,"     1.2",130,290,470,450
"BU03630605",190,105,85,15,25,115,30,15,55,35,115,60,35,15,"     1.7",20,40,110,100
"BU03630606",4325,2190,2135,355,400,1650,1215,720,1225,625,2890,1925,580,380,"     1.5",380,970,2410,2475
"BU03630607",860,455,405,55,80,315,250,175,245,110,605,415,130,55,"     1.4",60,120,580,505
"BU03630608",240,115,120,5,50,140,35,15,75,40,160,95,55,5,"     1.5",0,0,0,125
"BU03630609",685,365,320,35,30,290,140,200,190,105,510,395,80,30,"     1.3",50,150,310,390
"BU03630610",2100,1060,1040,205,220,675,645,365,535,210,1315,820,265,225,"     1.6",270,490,1020,1355
"BU03630611",2950,1490,1460,250,255,945,985,530,750,375,1960,1310,385,265,"     1.5",300,680,1550,1825
"BU03630700",255,145,105,10,35,145,55,20,90,45,195,145,40,5,"     1.3",10,100,140,120
"BU03630701",145,70,70,15,25,70,30,20,60,30,95,65,15,10,"     1.5",10,50,70,55
"BU03630702",990,495,490,40,220,515,155,75,325,175,720,510,155,50,"     1.4",120,250,540,490
"BU03630703",305,165,140,30,40,125,80,40,90,50,200,135,40,20,"     1.5",20,70,160,165
"BU03630704",2420,1205,1210,280,250,1100,520,280,740,270,1510,910,365,230,"     1.6",70,280,1730,1410
"BU03630705",1060,570,490,120,125,365,280,180,295,120,610,350,140,120,"     1.7",70,290,520,645
"BU03630706",1155,590,560,105,115,395,350,200,330,110,750,475,170,105,"     1.5",80,500,430,715
"BU03630707",915,475,435,100,85,325,270,145,265,105,550,325,130,90,"     1.7",80,150,550,545
"BU03630800",3325,1785,1535,220,465,1230,840,580,895,595,2020,1355,440,225,"     1.5",250,740,1700,1835
"BU03630801",2150,1165,985,190,290,875,600,205,565,435,1220,765,285,165,"     1.6",270,360,1280,1150
"BU03630803",1850,940,905,195,245,570,525,325,490,240,1095,650,260,185,"     1.6",160,270,1090,1120
"BU03630804",405,215,185,55,45,185,95,40,105,55,245,145,55,40,"     1.6",30,70,230,245
"BU03630900",80,45,35,15,5,30,35,10,10,15,35,20,10,5,"     1.8",0,10,60,55
"BU03630901",1710,805,900,150,380,455,385,350,335,375,1060,670,200,180,"     1.6",300,470,660,1000
"BU03630902",2190,1100,1085,210,210,725,730,325,415,660,1335,790,270,270,"     1.6",540,640,990,1115
"BU03630903",1725,885,840,210,170,625,530,205,320,585,980,555,200,220,"     1.7",250,330,930,820
"BU03630904",2385,1205,1175,270,260,1115,520,230,525,685,1480,935,285,260,"     1.6",470,570,1010,1175
"BU03630905",1375,700,675,295,205,365,400,120,355,285,670,305,145,215,"     2.1",120,230,680,735
"BU03630907",960,450,505,65,120,305,305,180,200,190,610,390,125,90,"     1.5",120,170,560,570
"BU03630908",2810,1405,1405,275,220,785,1000,540,640,400,1760,1075,390,295,"     1.6",280,700,1520,1770
"BU03631000",30,15,10,5,5,15,10,5,10,10,15,10,5,0,"     1.7",0,0,0,10
"BU03631001",5,5,0,0,0,10,0,5,5,5,5,5,0,0,"     1.1",0,0,0,-5
"BU03631002",0,0,0,0,0,0,5,0,0,0,0,0,0,0,"     1.0",0,0,0,0
"BU03631003",25,15,10,5,5,15,10,5,5,5,10,5,0,0,"     1.9",0,0,0,15
"BU03631004",5,0,5,0,5,5,5,0,5,0,5,5,0,0,"     1.0",0,0,0,0
"BU03631005",80,55,25,5,5,25,45,5,35,10,75,70,0,0,"     1.1",0,0,0,35
"BU03631006",5,0,0,0,5,0,5,5,0,0,0,0,0,0,"     2.0",0,0,0,5
"BU03631007",10,5,5,5,5,5,5,5,5,5,5,0,0,0,"     1.8",0,0,0,0
"BU03631100",25,20,5,5,0,20,5,0,15,10,10,5,0,0,"     1.3",0,0,0,0
"BU03631102",0,0,0,0,0,0,0,0,0,0,0,0,0,0,"       .",0,0,0,0
"BU03631103",80,60,15,5,40,30,10,5,20,40,60,50,5,0,"     1.3",0,0,0,20
"BU03631104",20,15,5,5,5,5,15,5,5,0,10,5,0,0,"     1.6",0,0,0,15
"BU03631105",730,415,315,5,340,380,15,0,350,230,650,575,70,0,"     1.1",0,0,0,150
"BU03631107",0,0,0,0,0,5,0,0,0,0,0,0,0,0,"     2.0",0,0,0,0
"BU03631109",0,0,0,0,0,0,0,0,0,0,0,0,0,0,"       .",0,0,0,0
"BU03631200",1735,885,845,355,95,820,395,80,370,235,860,345,250,260,"     2.0",90,300,1280,1130
"BU03631201",655,340,315,60,45,165,280,120,165,75,405,230,105,65,"     1.6",60,120,390,415
"BU03631300",2080,990,1090,325,195,820,530,225,415,720,1090,600,240,245,"     1.8",260,440,980,945
"BU03631301",2755,1370,1380,335,255,950,890,335,455,1000,1690,1055,275,360,"     1.6",510,800,1000,1300
"BU03631302",1010,485,520,120,90,395,280,140,205,270,610,350,145,110,"     1.7",0,0,0,535
"BU03631303",1670,830,840,205,100,665,345,365,340,400,930,570,190,165,"     1.6",310,250,710,930
"BU03631304",1295,675,620,180,125,560,325,115,235,390,765,455,140,160,"     1.7",170,630,280,670
"BU03631305",1950,970,980,250,160,850,515,190,335,690,1095,580,245,265,"     1.8",360,300,980,925
"BU03631306",0,0,0,0,0,0,0,0,0,0,0,0,0,0,"       .",0,0,0,0
"BU03631307",5,5,0,0,5,5,5,5,5,5,5,0,0,0,"     1.4",0,0,0,-5
"BU03631400",1380,695,685,180,115,585,350,160,285,350,830,495,175,155,"     1.7",140,220,800,745
"BU03631401",885,435,445,75,90,240,325,160,180,240,555,345,110,95,"     1.6",220,220,320,465
"BU03631402",1205,605,600,110,100,360,365,285,220,420,755,460,160,130,"     1.6",230,230,530,565
"BU03631403",3720,1875,1845,430,320,1730,995,255,925,990,2320,1435,460,420,"     1.6",490,830,1900,1805
"BU03631404",2875,1435,1435,320,260,1525,665,115,750,660,1795,1115,375,305,"     1.6",330,520,1690,1465
"BU03631405",3090,1550,1535,395,295,1285,845,285,680,690,1710,875,440,390,"     1.8",320,480,1790,1720
"BU03631500",1345,635,710,200,220,300,525,115,250,320,615,245,110,255,"     2.2",150,340,620,775
"BU03631501",10,5,5,5,0,5,5,5,5,0,5,0,0,0,"     2.2",0,0,0,5
"BU03631502",70,40,30,15,10,20,30,5,10,5,30,10,5,10,"     2.1",0,0,0,55
"BU03631503",1050,500,550,100,110,435,265,145,220,330,620,380,130,110,"     1.6",160,130,620,500
"BU03631600",3845,1840,2005,420,335,1765,910,420,960,755,2380,1430,535,410,"     1.6",470,600,2250,2130
"BU03631601",3250,1720,1525,295,230,1665,765,305,750,795,2075,1365,440,265,"     1.5",970,530,1380,1705
"BU03631602",1210,580,630,110,105,335,405,270,235,245,685,385,160,135,"     1.7",110,220,630,730
"BU03631700",4640,2325,2310,465,400,2085,1125,575,1215,745,2890,1730,705,455,"     1.6",350,930,2690,2680
"BU03631800",2725,1430,1295,300,240,1240,705,255,530,705,1485,875,335,270,"     1.6",620,720,980,1490
"BU03631801",3795,1890,1900,415,380,1980,755,280,945,840,2380,1480,540,355,"     1.6",410,800,2180,2010
"BU03631900",2250,1175,1075,210,225,1205,445,175,630,420,1515,1005,320,185,"     1.5",200,670,1130,1200
"BU03631901",2875,1355,1520,285,275,870,830,625,480,1235,1765,1135,310,315,"     1.6",880,560,910,1160
"BU03631902",1895,945,950,190,150,905,485,175,430,525,1225,775,255,190,"     1.5",400,340,940,940
"BU03632000",2635,1275,1360,350,295,1185,565,255,745,300,1565,905,375,280,"     1.7",140,770,1300,1590
"BU03632001",2515,1230,1285,250,235,835,780,430,610,415,1605,1035,305,260,"     1.6",260,430,1430,1490
"BU03632002",2305,1120,1180,280,210,1110,550,160,635,310,1410,840,325,245,"     1.6",200,420,1340,1360
"BU03632100",5710,2810,2895,605,495,2980,1225,420,1605,835,3555,2110,885,555,"     1.6",470,1070,3490,3270
"BU03632101",2205,1040,1160,250,265,925,490,285,555,280,1270,735,300,235,"     1.7",180,400,1310,1370
"BU03632200",935,495,440,115,115,330,250,135,315,135,545,320,115,100,"     1.7",90,160,460,485
"BU03632201",900,450,450,120,95,235,255,205,220,150,475,275,95,100,"     1.8",120,190,370,530
"BU03632300",480,265,210,50,20,340,65,15,125,170,305,180,85,35,"     1.6",20,80,350,185
"BU03632301",0,0,0,0,0,0,0,0,0,0,0,0,0,0,"       .",0,0,0,0
"BU03632302",160,95,65,15,15,110,20,10,45,85,125,100,15,5,"     1.3",10,40,70,30
"BU03632303",2240,1235,1000,270,145,1390,345,95,655,890,1370,775,355,235,"     1.6",170,390,1590,695
"BU03632304",960,445,510,40,440,440,45,5,260,290,845,775,35,30,"     1.1",10,440,480,410
"BU03632400",2540,1295,1240,300,290,1155,595,210,655,365,1590,980,350,260,"     1.6",200,570,1440,1520
"BU03632401",1995,1030,960,180,235,930,450,210,560,465,1325,865,280,175,"     1.5",400,460,830,970
"BU03632402",2600,1285,1310,235,270,1310,570,230,780,460,1735,1140,365,225,"     1.5",680,470,1170,1360
"BU03632403",2585,1295,1290,190,315,1330,535,230,660,620,1750,1165,390,190,"     1.5",390,380,1590,1305
"BU03632404",5030,2545,2480,380,630,2545,1050,440,1385,935,3385,2235,780,370,"     1.5",940,790,2780,2710
"BU03632500",2615,1225,1390,190,285,1190,550,415,595,580,1800,1215,380,200,"     1.5",330,580,1300,1440
"BU03632501",3805,1880,1920,385,355,1900,825,350,1015,750,2425,1485,560,375,"     1.6",680,720,1990,2040
"BU03632502",2435,1165,1265,245,250,1030,580,335,580,640,1430,850,310,265,"     1.6",340,440,1250,1215
"BU03632503",3515,1675,1840,345,360,1665,740,420,855,695,2220,1370,515,335,"     1.6",440,710,1870,1965
"BU03632600",3140,1525,1610,385,375,1055,855,480,600,1145,1815,1040,345,425,"     1.7",670,890,970,1395
"BU03632601",2805,1315,1485,285,310,1005,775,440,540,925,1670,960,355,355,"     1.7",470,530,1370,1340
"BU03632602",2250,1080,1165,265,190,775,640,395,425,760,1370,810,275,285,"     1.6",360,450,1060,1065
"BU03632700",2005,1020,980,235,220,985,420,155,490,260,1205,700,300,205,"     1.7",120,380,1230,1255
"BU03632701",3300,1675,1625,405,280,1540,730,355,725,635,1965,1120,485,355,"     1.7",320,540,1960,1940
"BU03632702",520,255,265,40,290,145,50,10,210,230,430,385,5,35,"     1.2",90,280,150,80
"BU03632800",3860,1900,1960,335,415,1780,890,450,760,1255,2440,1525,520,385,"     1.6",430,620,2260,1845
"BU03632801",120,60,60,5,15,60,45,15,30,25,100,80,10,5,"     1.2",10,40,70,65
"BU03632802",3775,1865,1910,515,385,1485,955,445,780,1065,2135,1185,470,475,"     1.7",460,720,1960,1930
"BU03632803",3090,1570,1515,415,310,1240,795,340,475,1435,1810,1100,330,380,"     1.7",850,720,1070,1180
"BU03632900",4340,2110,2230,485,490,1730,1010,640,750,1700,2520,1485,530,495,"     1.7",850,970,1790,1890
"BU03632901",3815,1885,1925,410,485,1530,970,430,620,1475,2305,1445,430,430,"     1.6",780,770,1720,1720
"BU03632902",2025,1015,1010,325,240,705,470,295,340,595,1025,520,215,285,"     1.8",390,330,890,1090
"BU03633000",4150,2040,2105,500,565,1580,1035,485,615,1835,2315,1295,500,520,"     1.8",1330,860,1290,1700
"BU03633001",5100,2495,2605,770,645,2025,1160,505,760,2245,2705,1450,550,700,"     1.9",990,1350,1840,2095
"BU03633100",3870,1980,1885,470,400,1990,760,260,860,1235,2320,1345,545,425,"     1.7",500,940,1830,1775
"BU03633101",4650,2310,2340,565,650,2160,910,375,840,1865,2680,1525,620,530,"     1.7",810,830,2360,1945
"BU03633102",4100,2040,2060,615,540,1405,995,560,500,2585,2060,1050,390,610,"     2.0",1250,1010,1050,1015
"BU03633200",5975,2990,2985,835,680,2150,1475,855,785,3110,3210,1825,625,755,"     1.8",1550,1410,1770,2080
"BU03633201",3605,1805,1800,555,470,1330,895,375,495,2055,1825,895,395,530,"     2.0",1090,750,1130,1055
"BU03633202",450,220,225,65,45,125,165,60,70,120,210,85,55,70,"     2.1",0,0,0,260
"BU03633203",15,5,5,5,5,10,10,0,5,0,10,10,0,0,"     1.4",0,0,0,10
"BU03633300",1470,790,680,220,100,715,370,80,385,445,770,315,265,185,"     1.9",160,250,810,640
"BU03633301",2495,1230,1260,365,260,905,730,245,480,705,1270,535,370,360,"     2.0",380,460,1230,1310
"BU03633302",3085,1540,1540,435,270,865,1120,405,580,455,1620,730,450,440,"     1.9",150,930,1480,2050
"BU03633303",2380,1255,1125,225,195,610,1005,355,480,425,1370,685,390,290,"     1.7",240,550,1290,1475
"BU03633304",2740,1345,1390,515,395,645,1080,115,520,390,1110,310,285,515,"     2.4",270,560,1470,1830
"BU03633305",2835,1400,1435,625,340,785,945,150,475,505,1195,380,270,540,"     2.4",250,530,1420,1855
"BU03633306",1435,705,725,170,155,460,495,165,285,540,785,395,175,210,"     1.8",250,430,530,610
"BU03633307",1740,865,875,175,175,515,660,220,325,550,1030,555,265,200,"     1.7",270,410,800,865
"BU03633308",35,15,20,5,5,5,20,10,5,5,20,10,5,0,"     1.6",0,0,0,25
"BU03633309",455,240,210,45,70,285,60,10,85,115,270,140,90,35,"     1.7",30,90,320,255
"BU03633310",155,80,75,30,15,55,40,25,35,10,90,55,15,15,"     1.7",90,10,10,110
"BU03633400",20,10,10,5,0,10,10,5,5,0,15,10,0,0,"     1.6",0,0,0,15
"BU03633402",490,205,280,10,385,95,5,5,135,135,455,425,20,5,"     1.1",0,0,0,220
"BU03633403",300,155,145,15,170,80,40,10,60,20,245,210,20,10,"     1.2",30,90,160,220
"BU03633404",70,40,30,10,15,15,30,10,10,5,30,15,5,10,"     2.1",0,0,0,55
"BU03633405",2760,1410,1345,360,520,1365,390,140,645,835,1695,1020,395,275,"     1.6",340,800,2040,1280
"BU03633406",0,0,0,0,0,0,0,0,0,0,0,0,0,0,"       .",0,0,0,0
"BU03633500",1540,770,770,370,200,550,375,60,300,565,660,215,160,280,"     2.3",220,290,670,675
"BU03633501",2660,1365,1295,745,385,635,810,95,335,825,925,245,115,555,"     2.8",500,460,960,1500
"BU03633502",2820,1420,1400,735,405,575,975,140,480,595,980,195,190,585,"     2.9",360,490,1220,1745
"BU03633504",2835,1410,1420,560,360,1050,665,210,555,1090,1410,670,285,450,"     2.0",400,530,1290,1190
"BU03633505",5600,2760,2840,1485,675,1800,1405,245,935,2310,2205,665,420,1115,"     2.5",910,1350,2080,2355
"BU03633600",450,245,205,50,30,310,50,20,115,45,255,110,100,40,"     1.8",20,70,300,290
"BU03633601",95,75,20,5,10,40,50,5,30,40,60,55,0,0,"     1.1",0,0,0,25
"BU03633700",550,290,260,30,60,390,45,35,150,140,375,235,110,25,"     1.5",50,110,360,260
"BU03633702",5775,2820,2955,875,945,2265,1235,470,885,3115,2920,1470,625,820,"     2.0",1430,1340,1950,1775
"BU03633703",3930,1955,1975,575,335,1895,795,350,680,1365,2230,1235,500,490,"     1.8",560,1170,1640,1885
"BU03633704",1950,950,995,365,230,785,450,135,400,635,985,470,230,280,"     2.0",460,320,780,915
"BU03633705",4275,2145,2130,570,430,2005,930,350,730,1825,2515,1445,545,520,"     1.7",950,1020,1590,1720
"BU03633706",2400,1165,1230,370,310,1075,475,185,345,1160,1305,715,295,290,"     1.8",540,550,880,895
"BU03633802",4100,1955,2145,505,455,2100,720,330,865,1140,2390,1285,645,450,"     1.7",670,930,1910,2095
"BU03633803",1780,860,915,220,205,870,355,140,300,615,995,515,265,210,"     1.8",390,230,890,865
"BU03633900",2095,985,1110,190,385,950,330,250,330,905,1405,1050,170,180,"     1.5",560,510,690,860
"BU03633901",2225,1075,1145,395,430,1015,255,140,425,1005,1265,765,230,270,"     1.7",310,480,990,795
"BU03633902",2080,1030,1045,335,310,865,390,195,265,1195,1000,495,220,280,"     2.0",610,450,660,620
"BU03633903",3755,1910,1845,890,525,1290,810,255,295,3020,1530,620,255,655,"     2.5",1060,770,1340,440
"BU03634000",1700,795,900,120,175,1020,260,135,475,200,1150,720,295,130,"     1.5",120,370,1030,1025
"BU03634001",3200,1540,1660,430,385,1545,580,275,690,600,1815,980,470,360,"     1.8",260,570,1840,1910
"BU03634002",1910,980,930,260,195,855,440,170,385,585,1100,605,255,235,"     1.7",320,540,730,940
"BU03634100",1930,950,975,220,190,915,440,175,380,650,1205,730,260,210,"     1.6",450,470,750,900
"BU03634101",2260,1065,1190,275,270,990,550,180,350,1025,1335,785,290,255,"     1.7",620,510,850,885
"BU03634102",1405,690,715,155,140,680,280,165,225,520,855,485,210,155,"     1.6",330,280,550,660
"BU03634103",1915,1380,530,260,210,855,585,20,160,1470,0,0,0,0,"       .",1140,400,80,285
"BU03634200",3085,1565,1520,415,365,1460,640,215,530,1235,1790,1025,390,370,"     1.7",580,980,1020,1320
"BU03634201",3470,1800,1665,465,390,1465,820,340,535,1475,1995,1130,435,425,"     1.7",880,840,1200,1460
"BU03634202",1940,945,995,235,155,980,425,160,425,530,1165,645,295,220,"     1.7",320,390,930,985
"BU03634203",1860,880,980,200,155,895,370,255,430,480,1105,665,260,175,"     1.6",230,410,930,950
"BU03634300",3905,1845,2055,555,390,1945,735,285,925,820,2245,1225,545,475,"     1.7",370,690,2210,2160
"BU03634301",3015,1430,1585,360,320,1415,620,310,615,555,1750,895,505,345,"     1.7",260,590,1710,1845
"BU03634400",1540,675,860,200,160,665,325,200,345,165,915,540,195,175,"     1.7",140,270,840,1030
"BU03634401",3620,1705,1910,460,315,1700,805,345,770,560,2135,1165,550,415,"     1.7",340,740,1920,2290
"BU03634402",2545,1155,1385,290,225,1380,480,185,630,390,1545,840,440,260,"     1.6",200,490,1510,1525
"BU03634403",2150,1035,1115,225,185,1010,530,210,510,335,1305,710,360,230,"     1.6",190,450,1240,1305
"BU03634404",1685,785,900,235,160,735,385,180,395,210,975,525,250,195,"     1.7",150,370,880,1080
"BU03634405",265,130,130,15,115,65,60,20,130,20,195,160,15,25,"     1.3",30,80,140,115
"BU03634500",2420,1140,1280,245,240,1215,535,195,645,375,1535,940,380,225,"     1.6",220,410,1510,1400
"BU03634501",1505,700,805,160,140,650,360,210,325,390,970,630,175,170,"     1.6",310,340,650,790
"BU03634600",1375,690,685,310,145,330,430,175,495,135,610,240,140,240,"     2.3",120,180,760,745
"BU03634601",2560,1230,1325,490,250,805,680,350,770,370,1240,550,315,385,"     2.1",230,430,1280,1420
"BU03634602",1555,775,775,230,195,485,445,215,465,155,790,380,205,215,"     2.0",90,280,840,935
"BU03634603",0,0,0,0,0,0,0,0,0,0,0,0,0,0,"       .",0,0,0,0
"BU03634700",1535,760,775,250,135,490,400,270,525,180,785,375,195,220,"     1.9",100,210,830,830
"BU03634701",790,405,380,100,85,270,215,130,320,100,440,250,110,90,"     1.7",50,170,410,370
"BU03634702",1835,925,910,305,210,505,500,330,550,180,970,520,205,255,"     1.9",110,260,1040,1105
"BU03634703",2925,1460,1465,510,350,765,865,445,995,290,1455,690,350,425,"     2.0",180,550,1480,1640
"BU03634704",795,380,410,135,90,120,245,220,210,60,345,140,100,115,"     2.2",0,0,0,525
"BU03634705",2055,970,1085,330,200,690,480,365,630,220,1090,555,275,270,"     1.9",490,180,910,1205
"BU03634706",1385,630,755,120,70,285,305,620,260,105,880,540,225,120,"     1.6",80,180,740,1020
"BU03634707",5,5,0,5,0,0,5,5,5,0,5,5,5,5,"     1.6",0,0,0,0
"BU03634708",0,0,0,0,5,0,5,5,0,0,0,5,0,5,"     2.0",0,0,0,0
"BU03634709",1380,685,695,160,115,720,290,110,425,175,870,525,215,140,"     1.6",130,240,810,780
"BU03634800",1070,490,580,100,115,370,290,210,170,335,650,380,150,125,"     1.6",180,230,490,565
"BU03634801",1465,700,765,155,175,450,425,270,270,360,900,550,155,205,"     1.6",180,620,420,835
"BU03634802",2425,1160,1265,235,240,855,700,405,425,820,1535,980,270,295,"     1.6",570,550,930,1180
"BU03634803",2305,1105,1200,435,160,910,475,335,645,550,1155,485,290,385,"     2.0",400,420,910,1110
"BU03634804",390,185,200,85,50,70,135,55,60,15,155,45,35,80,"     2.5",20,60,190,315
"BU03634805",4160,1925,2230,505,395,1930,855,490,1000,655,2445,1310,640,505,"     1.7",380,530,2550,2505
"BU03634900",785,375,405,170,95,175,225,135,190,75,330,120,85,130,"     2.4",320,50,180,520
"BU03634901",1245,585,660,250,145,280,325,255,400,125,575,255,125,205,"     2.2",50,100,740,720
"BU03634902",75,40,35,20,15,5,35,10,10,5,25,5,10,20,"     3.0",10,10,40,60
"BU03634903",1385,660,720,295,150,305,405,240,445,145,630,260,140,235,"     2.2",60,350,560,795
"BU03634904",2440,1155,1280,490,300,605,640,420,835,265,1155,510,260,390,"     2.1",130,700,960,1340
"BU03634905",2690,1270,1420,525,190,855,645,485,840,280,1350,640,325,395,"     2.0",160,440,1340,1570
"BU03635000",0,0,0,0,0,0,0,0,0,0,0,0,0,0,"       .",0,0,0,0
"BU03635001",0,0,0,0,0,0,0,0,0,0,0,0,0,0,"       .",0,0,0,0
"BU03635003",0,0,0,0,0,0,0,0,0,0,0,0,0,0,"       .",0,0,0,0
"BU03635005",0,0,0,0,0,0,0,0,0,0,0,0,0,0,"       .",0,0,0,0
"BU03635006",0,0,0,0,0,0,0,0,0,0,0,0,0,0,"       .",0,0,0,0
"BU03635100",325,150,175,125,30,70,105,10,50,40,90,10,10,75,"     3.5",30,20,150,235
"BU03635101",6090,2970,3115,1985,620,1935,1385,170,985,2135,2200,615,325,1270,"     2.7",750,1140,2220,2970
"BU03635102",1830,850,980,395,220,730,375,120,285,960,840,350,175,320,"     2.2",300,460,620,585
"BU03635200",3020,1360,1660,440,300,1215,670,410,735,320,1650,815,430,410,"     1.8",200,310,1910,1965
"BU03635201",4395,2035,2355,640,470,1750,910,640,945,560,2450,1280,580,600,"     1.8",330,890,2230,2890
"BU03635202",3150,1445,1700,485,355,1280,610,430,675,340,1735,895,440,410,"     1.8",150,360,1970,2135
"BU03635203",2410,1105,1305,345,300,1005,490,280,560,310,1375,760,330,295,"     1.8",150,390,1370,1540
"BU03635206",1505,695,805,175,85,520,330,410,250,280,895,595,155,150,"     1.5",140,180,760,975
"BU03635207",610,290,320,90,30,405,70,25,180,90,320,130,130,70,"     1.9",10,70,450,340
"BU03635300",2400,1160,1240,255,230,1015,565,345,470,470,1555,980,330,250,"     1.5",290,610,1110,1460
"BU03635301",2905,1375,1530,315,400,1220,635,350,595,650,1775,1055,390,340,"     1.6",420,560,1480,1660
"BU03635400",2480,1175,1300,255,275,1025,580,355,470,545,1585,975,340,275,"     1.6",350,590,1150,1465
"BU03635401",2710,1265,1445,285,345,1205,570,325,515,400,1675,970,425,285,"     1.6",210,600,1480,1795
"BU03635402",2150,980,1165,210,255,975,440,280,435,280,1335,765,365,215,"     1.6",190,390,1300,1435
"BU03635403",1715,825,885,210,150,515,510,340,285,595,1090,710,165,225,"     1.6",400,390,580,835
"BU03635404",45,20,20,10,5,10,15,10,5,5,25,20,5,5,"     1.7",0,10,20,35
"BU03635501",2415,1285,1130,190,715,1255,205,60,570,765,1555,1235,245,85,"     1.3",280,720,1310,1080
"BU03635502",1025,530,495,100,60,560,185,130,260,185,600,310,205,95,"     1.7",30,130,780,580
"BU03635503",2135,1075,1060,385,220,760,520,260,380,405,1035,455,255,335,"     2.1",250,350,1090,1350
"BU03635504",10,0,5,0,5,5,5,5,0,0,5,5,5,5,"     1.4",0,0,0,10
"BU03635505",850,385,465,110,85,200,265,200,100,370,495,270,95,135,"     1.7",240,180,240,380
"BU03635506",1850,860,990,295,185,420,550,410,245,335,895,440,190,275,"     2.0",290,400,650,1270
"BU03635507",2390,1220,1165,320,155,730,645,550,380,665,1420,925,240,265,"     1.6",280,430,1210,1345
"BU03635508",615,315,295,90,95,230,130,85,105,345,340,200,65,85,"     1.8",0,0,0,165
"BU03635600",2670,1310,1360,465,295,860,705,365,540,260,1360,650,325,390,"     2.0",190,540,1380,1870
"BU03635601",2930,1380,1550,575,405,760,825,375,485,315,1320,520,295,515,"     2.2",240,430,1550,2130
"BU03635602",5115,2420,2695,1055,585,1655,1225,610,970,560,2465,1060,565,850,"     2.1",450,910,2410,3585
"BU03635603",305,135,165,30,10,50,75,145,40,15,180,100,60,30,"     1.7",20,50,120,250
"BU03635604",250,160,85,5,200,50,5,0,10,165,245,250,5,5,"     1.0",0,0,0,75
"BU03635605",1650,800,850,220,240,340,630,230,245,420,735,270,190,285,"     2.2",280,370,700,985
"BU03635606",0,0,0,0,0,0,0,0,0,0,0,0,0,0,"       .",0,0,0,0
"BU03635607",2670,1180,1485,160,1260,970,235,50,1000,545,1985,1500,360,130,"     1.3",40,950,1550,1125
"BU03635608",265,165,100,5,160,90,15,10,35,160,250,245,5,5,"     1.1",0,0,0,70
"BU03635700",3250,1520,1730,400,275,900,895,795,410,855,1960,1145,400,420,"     1.7",0,0,0,1985
"BU03635701",5,0,0,0,5,0,5,0,0,5,0,5,0,5,"     2.0",0,0,0,0
"BU03635702",0,0,0,0,0,0,0,0,0,0,0,0,0,0,"       .",0,0,0,0
"BU03635801",1365,680,680,35,665,585,75,10,340,350,840,760,65,25,"     1.1",210,430,640,675
"BU03635804",75,40,35,15,10,20,30,15,15,5,30,10,15,15,"     2.4",0,20,30,55
"BU03635805",40,25,15,5,5,20,20,0,5,5,5,5,5,5,"     2.8",0,0,0,30
"BU03635806",1835,930,900,180,415,985,220,45,315,305,1230,825,270,145,"     1.5",80,500,1570,1215
"BU03635807",730,375,355,65,40,325,185,130,255,135,435,225,155,65,"     1.7",30,80,510,340
"BU03635808",30,20,10,0,5,10,10,10,10,5,20,20,5,5,"     1.4",0,30,0,15
"BU03635809",705,350,355,5,310,360,20,15,190,165,620,545,70,10,"     1.1",40,350,460,350
"BU03635900",1335,625,710,270,120,320,330,315,400,190,665,320,160,190,"     2.0",90,140,690,745
"BU03635901",0,0,0,0,0,0,0,0,0,0,0,0,0,0,"       .",0,0,0,0
"BU03636000",4845,2390,2450,855,565,1720,1295,425,600,2375,2545,1355,425,775,"     1.9",1260,1170,1400,1870
"BU03636001",2410,1185,1225,450,240,695,660,375,270,930,1235,605,225,410,"     2.0",660,660,490,1210
"BU03636002",2385,1195,1190,345,190,720,725,420,315,590,1245,580,290,390,"     1.9",580,650,660,1480
"BU03636100",2500,1315,1185,305,250,815,775,365,350,1115,1465,880,280,310,"     1.7",560,810,660,1035
"BU03636101",4315,2125,2190,735,510,1530,1080,475,605,2080,2175,1085,425,675,"     2.0",1270,1020,1140,1630
"BU03636102",1265,635,630,195,120,495,320,145,170,470,690,370,125,205,"     1.8",230,480,320,625
"BU03636103",180,95,80,40,35,40,65,10,40,15,70,30,10,35,"     2.5",30,40,60,125
"BU03636200",1045,495,550,125,90,220,315,305,130,175,535,220,170,155,"     1.9",330,290,180,740
"BU03636201",2475,1145,1330,410,215,575,770,515,265,340,1310,620,270,430,"     1.9",520,560,760,1870
"BU03636300",1880,915,965,285,195,495,575,345,210,390,930,395,220,320,"     2.0",620,600,240,1280
"BU03636400",145,70,75,35,20,30,50,30,25,5,60,20,20,25,"     2.5",10,10,80,115
"BU03636401",120,55,65,15,20,20,45,40,15,20,55,15,20,20,"     2.2",0,0,0,85
"BU03636402",1045,520,520,250,100,205,355,145,155,45,400,95,120,190,"     2.6",70,140,550,845
"BU03636403",360,175,185,100,45,75,100,50,75,10,130,35,25,75,"     2.8",40,60,160,275
"BU03636404",5,0,0,0,5,0,5,0,0,5,0,5,5,5,"     2.3",0,0,0,0
"BU03636500",1155,535,620,155,85,235,315,370,110,240,560,260,140,165,"     1.9",290,360,130,805
"BU03636501",4235,1950,2285,710,400,1150,1200,785,455,780,2035,800,485,760,"     2.1",1240,1170,770,3000
"BU03636502",4020,2010,2005,525,390,1170,1185,760,495,1300,2110,1075,490,560,"     1.8",1170,1200,820,2225
"BU03636503",2295,1145,1150,710,260,785,490,55,230,880,760,160,105,505,"     3.0",380,530,810,1185
"BU03636601",415,205,205,65,40,100,150,65,60,20,180,55,60,70,"     2.3",60,120,140,335
"BU03636602",1415,695,720,225,210,345,485,155,175,430,590,175,150,270,"     2.4",320,520,280,810
"BU03636603",2435,1215,1220,385,340,500,895,325,280,485,980,245,285,460,"     2.5",490,870,570,1670
"BU03636604",145,75,65,25,10,15,65,35,15,10,65,25,25,25,"     2.1",20,40,50,120
"BU03636605",3155,1455,1695,625,420,845,660,605,380,1565,1550,765,260,530,"     2.0",970,740,460,1210
"BU03636606",1325,665,655,170,135,450,420,155,170,340,685,320,160,215,"     1.9",340,630,150,815
"BU03636700",2190,1040,1145,505,195,560,630,305,245,340,895,245,240,415,"     2.4",310,580,770,1605
"BU03636701",1095,535,560,175,120,245,350,215,110,260,465,135,135,205,"     2.4",260,390,190,725
"BU03636800",585,295,290,55,65,175,135,165,120,165,365,220,90,65,"     1.6",90,180,180,300
"BU03636801",470,225,240,40,40,130,105,160,110,85,285,160,90,40,"     1.7",60,140,130,275
"BU03636802",4970,2425,2545,910,575,1630,1205,655,680,2705,2540,1305,475,770,"     2.0",1370,1280,1100,1585
"BU03636803",3490,1720,1770,885,575,1130,700,205,265,2380,1330,470,225,645,"     2.6",1070,890,550,845
"BU03636804",2045,1025,1020,575,285,615,420,160,190,1415,720,245,105,375,"     2.6",640,400,390,440
"BU03636805",1610,750,855,380,225,380,420,210,210,865,635,205,105,330,"     2.5",390,320,430,535
"BU03636900",200,95,105,20,30,35,60,65,40,35,90,30,30,35,"     2.2",10,60,90,125
"BU03636902",1560,775,780,175,160,470,335,420,260,575,905,555,205,150,"     1.6",310,590,280,725
"BU03636909",985,475,505,70,70,290,185,380,175,295,575,375,135,70,"     1.5",200,260,180,515
"BU03636910",3100,1485,1615,545,465,980,710,410,465,1675,1540,770,290,485,"     2.0",850,660,840,960
"BU03636911",2745,1300,1445,585,375,635,680,480,255,1780,1225,505,230,495,"     2.2",770,590,580,710
"BU03636912",2520,1185,1335,245,495,685,445,655,445,685,1600,1065,315,225,"     1.5",360,930,570,1390
"BU03637000",3740,1740,1995,780,515,990,835,630,430,2160,1565,670,280,620,"     2.3",710,640,1300,1150
"BU03637001",3665,1865,1800,625,320,1120,970,635,390,1560,1830,890,410,535,"     2.0",930,1070,880,1715
"BU03637002",2645,1285,1360,505,405,740,640,365,295,1585,1240,600,185,465,"     2.1",820,700,470,765
"BU03637003",3655,1800,1855,715,490,965,925,565,420,1920,1565,580,340,650,"     2.3",1140,1160,440,1315
"BU03637004",325,165,155,55,30,65,115,65,65,20,140,45,50,50,"     2.3",20,50,180,240
"BU03637005",370,190,180,90,60,130,65,30,45,145,160,85,25,60,"     2.3",60,70,140,180
"BU03637102",950,515,430,215,85,375,245,40,170,105,435,170,105,165,"     2.2",60,160,590,675
"BU03637104",0,0,0,0,0,0,0,0,0,0,0,0,0,0,"       .",0,0,0,0
"BU03637105",1555,810,740,25,830,675,30,5,350,470,1375,1215,140,30,"     1.1",50,790,1020,735
"BU03637106",180,90,90,65,10,80,25,5,45,45,70,35,10,35,"     2.5",0,0,0,90
"BU03637107",1365,720,645,175,85,585,340,190,255,230,695,230,320,155,"     2.0",160,280,710,880
"BU03637200",290,205,85,15,60,175,35,10,130,75,210,155,50,15,"     1.4",0,0,0,85
"BU03637201",10,5,0,0,0,5,5,0,5,0,10,10,0,0,"     1.0",0,0,0,5
"BU03637202",25,10,10,5,0,10,10,5,0,5,10,5,10,5,"     2.1",0,0,0,20
"BU03637300",70,35,30,15,10,15,30,10,10,5,30,15,15,10,"     2.1",20,10,30,55
"BU03637301",605,295,305,135,45,120,210,100,80,35,250,75,80,105,"     2.4",40,140,270,490
"BU03637302",5,0,0,0,5,0,5,5,0,0,0,0,5,5,"     3.0",0,0,0,5
"BU03637303",500,260,240,100,55,95,175,85,60,15,200,50,70,90,"     2.5",70,90,220,425
"BU03637304",25,10,10,5,10,5,10,5,0,5,0,0,5,5,"     3.5",0,0,0,20
"BU03637305",310,150,155,60,35,45,100,75,30,10,130,45,35,55,"     2.4",50,50,120,270
"BU03637306",280,145,135,45,30,45,105,60,20,10,110,30,30,55,"     2.5",50,80,90,250
"BU03637307",480,250,225,75,55,95,140,120,35,15,195,60,65,75,"     2.4",110,100,130,430
"BU03637308",15,5,5,0,0,10,10,5,10,5,10,10,5,0,"     1.4",0,0,0,0
"BU03637309",5,5,0,0,0,5,0,5,5,0,5,10,5,0,"     1.1",0,0,0,0
"BU03637400",115,60,50,30,5,25,30,25,20,5,40,5,20,20,"     2.8",0,30,50,90
"BU03637401",345,200,140,30,65,160,75,25,50,155,245,170,55,30,"     1.4",0,0,0,140
"BU03637402",2390,1185,1200,635,235,760,575,190,355,760,885,215,195,485,"     2.7",340,490,860,1275
"BU03637500",2235,1110,1125,320,320,840,565,200,420,615,1160,565,285,320,"     1.9",380,510,950,1200
"BU03637501",1095,550,540,145,125,515,235,80,220,270,655,395,150,120,"     1.7",130,200,590,605
"BU03637502",1830,910,915,290,235,745,415,150,320,800,955,495,195,270,"     1.9",470,330,670,710
"BU03637503",1035,460,575,190,110,390,250,100,125,505,485,200,120,170,"     2.1",210,190,410,405
"BU03637600",6155,3185,2965,1300,700,2060,1430,670,840,3665,3000,1580,465,965,"     2.0",1770,1620,1320,1650
"BU03637601",3185,1675,1505,620,455,1105,740,275,370,2280,1480,715,260,510,"     2.2",990,930,530,535
"BU03637700",3365,1815,1550,535,360,1265,740,475,415,2050,1940,1220,310,415,"     1.7",980,1030,650,900
"BU03637701",3205,1580,1620,540,435,1090,790,360,515,1315,1675,890,320,475,"     1.9",610,960,1030,1375
"BU03637702",3645,1845,1800,670,470,1215,820,475,640,2055,1740,855,335,560,"     2.1",1090,990,740,950
"BU03637703",3780,1925,1855,840,585,1200,845,315,265,3075,1525,620,230,685,"     2.5",1470,970,330,440
"BU03637704",50,25,20,5,15,25,5,0,20,25,30,20,15,5,"     1.7",0,0,0,5
"BU03637705",3925,1975,1945,860,525,1310,810,420,360,2665,1740,820,255,675,"     2.2",1570,790,530,900
"BU03637800",3060,1490,1570,670,445,940,690,325,280,2095,1335,555,245,545,"     2.3",1050,860,360,685
"BU03637801",2805,1415,1390,705,360,855,540,355,335,1695,1095,400,215,490,"     2.5",660,870,440,775
"BU03637802",4100,2015,2085,880,560,1570,755,345,590,2790,1790,810,325,665,"     2.2",1210,1240,710,720
"BU03637803",5975,3050,2920,1300,790,1935,1330,625,590,4210,2605,1180,420,1015,"     2.3",2090,1570,810,1175
"BU03637804",305,175,125,35,35,125,95,15,60,150,170,110,30,40,"     1.7",100,60,100,95
"BU03637900",30,20,10,5,5,5,15,10,5,10,15,10,5,5,"     2.0",0,0,0,15
"BU03637901",2415,1190,1225,425,265,635,720,380,305,1140,1020,305,305,415,"     2.4",0,0,0,970
"BU03638000",265,160,100,45,40,135,40,10,5,260,10,10,5,0,"     1.1",0,0,0,0
"BU03638001",790,400,390,120,85,175,260,150,110,110,345,120,105,130,"     2.3",230,250,170,570
"BU03638002",65,40,25,10,20,10,25,10,0,15,35,25,5,10,"     1.9",0,0,0,50
"BU03638100",4960,2405,2555,895,565,1395,1115,995,545,3115,2535,1345,420,780,"     2.0",1930,1060,520,1300
"BU03638101",3110,1605,1500,445,310,1020,760,580,615,1325,1650,825,465,370,"     1.9",570,820,1020,1170
"BU03638102",2980,1455,1525,510,410,1015,630,420,385,1780,1420,645,340,450,"     2.1",930,860,580,815
"BU03638103",1240,640,600,175,115,315,390,245,190,580,680,380,140,170,"     1.8",360,370,230,470
"BU03638104",3995,1900,2095,490,670,1055,900,890,690,1335,2330,1385,465,490,"     1.7",800,1290,980,1970
"BU03638200",2850,1315,1535,575,415,735,600,535,185,2105,1170,565,175,440,"     2.3",920,720,250,560
"BU03638201",3475,1690,1785,895,375,1190,635,390,450,2325,1550,665,270,620,"     2.2",780,1010,610,700
"BU03638202",3195,1565,1625,635,475,1050,615,425,415,2160,1435,635,325,485,"     2.2",1060,790,490,620
"BU03638203",6230,3125,3100,1220,880,2240,1465,430,945,3790,2870,1280,575,1025,"     2.2",1510,1730,1610,1495
"BU03638300",6005,3040,2965,1120,840,2015,1240,795,950,3275,2755,1380,505,880,"     2.1",1840,1780,970,1780
"BU03638301",120,110,10,0,0,50,70,10,10,75,5,10,0,0,"     1.0",0,0,0,35
"BU03638400",3945,1905,2035,760,400,1100,1030,660,465,1780,1745,680,415,660,"     2.2",1010,1220,690,1700
"BU03638401",4590,2290,2300,725,695,1050,1580,545,580,1965,1905,605,435,875,"     2.4",940,1400,1300,2045
"BU03638402",5990,2980,3010,1070,1000,1300,2045,585,710,2745,2265,610,500,1160,"     2.6",1310,1830,1580,2535
"BU03638500",2475,1210,1260,345,285,520,800,535,425,710,1160,455,330,380,"     2.1",460,640,760,1340
"BU03638501",2230,1100,1130,430,245,625,525,415,455,725,1055,530,190,340,"     2.0",370,450,760,1050
"BU03638502",3350,1710,1640,720,500,1135,705,295,425,2265,1545,720,255,580,"     2.1",850,740,930,660
"BU03638600",6005,2955,3045,1220,930,2150,1245,465,605,4170,2440,925,505,1020,"     2.4",1770,1610,1310,1230
"BU03638601",4295,2055,2235,645,590,2120,635,310,655,2105,2335,1335,505,505,"     1.8",1010,950,1570,1535
"BU03638602",960,465,495,55,320,430,80,80,350,125,735,580,115,50,"     1.3",40,370,450,485
"BU03638603",840,420,415,70,95,490,105,85,245,145,540,325,155,65,"     1.6",20,130,590,450
"BU03638604",695,330,360,145,135,170,180,75,35,565,265,125,20,125,"     2.6",320,140,60,95
"BU03638605",1115,555,555,10,600,490,15,0,485,385,985,865,110,15,"     1.1",0,0,0,245
"BU03638700",2645,1485,1160,245,300,1530,405,175,905,740,1650,930,510,220,"     1.6",110,480,1860,1000
"BU03638701",1270,625,640,290,120,455,290,125,290,445,555,215,125,220,"     2.3",170,200,570,535
"BU03638702",1555,850,700,225,245,595,365,135,260,740,785,485,140,170,"     1.7",300,640,320,555
"BU03638703",3430,1745,1685,500,600,1480,550,315,730,1470,2040,1275,400,375,"     1.7",650,1070,1490,1230
"BU03638704",575,390,185,10,310,265,0,0,40,355,525,485,40,10,"     1.1",60,110,370,180
"BU03638705",1090,470,615,20,505,550,15,5,430,275,945,830,110,20,"     1.2",10,370,770,385
"BU03638800",80,40,35,15,5,55,15,0,40,40,55,50,5,10,"     1.4",0,0,0,0
"BU03638801",960,490,470,130,105,195,350,185,190,170,435,135,155,155,"     2.2",140,230,420,600
"BU03638802",165,90,70,20,20,35,80,10,35,10,90,55,15,30,"     1.8",30,30,80,120
"BU03638803",255,110,140,45,35,50,80,55,40,55,115,40,35,45,"     2.2",10,60,130,160
"BU03638804",3125,1520,1605,500,410,750,1045,430,455,1190,1270,360,330,585,"     2.4",550,1050,860,1480
"BU03638805",3155,1555,1595,425,350,795,975,620,445,970,1440,500,435,510,"     2.2",550,970,940,1740
"BU03638806",1075,495,580,90,85,295,305,310,250,355,645,345,195,110,"     1.7",230,220,370,470
"BU03638807",2325,1145,1180,350,370,470,945,200,390,575,895,190,255,460,"     2.6",320,650,950,1360
"BU03638808",2120,1060,1060,370,285,670,585,220,400,660,915,315,225,385,"     2.3",380,730,600,1060
"BU03638809",685,350,335,90,85,115,280,130,80,40,320,115,100,115,"     2.1",100,220,270,565
"BU03638900",3255,1545,1710,510,490,920,690,655,525,1565,1690,945,325,430,"     1.9",830,920,680,1165
"BU03638901",3560,1710,1845,560,605,1320,630,450,720,1665,1995,1160,410,435,"     1.8",570,710,1530,1175
"BU03638902",2990,1450,1535,570,490,1005,590,340,370,1805,1325,580,260,490,"     2.2",670,920,710,815
"BU03638903",830,440,390,45,400,280,55,60,165,310,675,615,35,35,"     1.1",0,0,0,355
"BU03639000",4565,2080,2485,480,455,1645,850,1140,1340,1115,2770,1590,675,510,"     1.6",610,1060,1800,2110
"BU03639002",3775,1785,1990,555,455,1485,760,530,1020,1135,2100,1155,455,500,"     1.8",470,960,1520,1620
"BU03639003",4075,1915,2160,555,340,1095,935,1155,1010,875,2345,1415,450,490,"     1.7",450,700,1720,2190
"BU03639004",65,30,30,5,10,10,30,15,15,5,30,15,10,10,"     2.0",0,0,0,45
"BU03639008",1015,480,535,130,110,210,250,325,310,145,530,255,150,135,"     1.9",160,160,390,560
"BU03639009",20,10,5,0,5,15,5,0,15,5,10,10,5,5,"     1.9",0,0,0,0
"BU03639100",780,350,425,75,30,250,145,285,215,165,390,205,125,65,"     1.7",0,0,0,400
"BU03639101",3240,1530,1710,380,255,1005,670,940,690,1040,1950,1095,465,400,"     1.7",450,740,1180,1510
"BU03639102",3880,1850,2025,440,425,1260,775,985,1130,1010,2165,1355,425,395,"     1.6",380,970,1570,1740
"BU03639103",10,5,0,0,5,5,5,5,0,5,5,5,5,5,"     2.4",0,0,0,5
"BU03639200",20,15,0,0,0,20,0,0,10,10,15,20,0,5,"     1.1",0,0,0,0
"BU03639201",50,30,15,5,5,35,10,0,35,15,45,45,0,5,"     1.1",0,0,0,0
"BU03639202",20,15,5,0,5,15,5,0,10,10,15,15,5,5,"     1.3",0,0,0,0
"BU03639203",430,195,230,5,310,110,10,0,50,175,405,390,15,5,"     1.1",0,0,0,205
"BU03639204",0,0,0,0,0,0,0,5,0,0,0,5,5,0,"     1.5",0,0,0,0
"BU03639205",35,30,0,0,5,15,20,0,5,25,0,0,0,5,"     2.0",0,0,0,5
"BU03639206",150,95,50,15,70,50,15,10,20,45,70,65,5,10,"     1.3",40,40,40,85
"BU03639300",5240,2785,2455,800,555,1795,1495,610,595,3665,3045,1850,455,750,"     1.7",1450,1280,1510,980
"BU03639301",3455,1805,1645,500,435,1295,975,260,440,2395,1990,1190,310,500,"     1.7",830,1280,750,620
"BU03639302",1975,920,1055,135,1160,540,120,30,475,980,1660,1465,85,120,"     1.2",360,1040,420,520
"BU03639303",3855,1875,1980,830,705,1135,1010,185,290,3020,1680,720,230,740,"     2.3",770,950,1870,545
"BU03639304",1430,750,680,185,275,405,400,170,230,1055,875,660,65,160,"     1.5",550,480,140,145
"BU03639305",1620,810,805,300,370,565,325,60,195,1130,950,635,75,250,"     1.7",320,520,730,295
"BU03639306",3100,1510,1590,600,515,830,905,255,250,2520,1555,820,180,560,"     2.0",1200,860,370,330
"BU03639307",2555,1270,1285,520,470,800,640,130,205,1955,1300,695,205,410,"     2.0",740,870,430,395
"BU03639308",200,105,95,20,30,45,55,55,45,80,100,40,40,30,"     2.0",40,50,70,75
"BU03639309",715,360,355,120,90,195,230,85,65,560,295,100,55,145,"     2.4",180,220,150,90
"BU03639310",0,0,0,0,0,0,0,0,0,0,0,0,0,0,"       .",0,0,0,0
"BU03639400",2195,1070,1125,560,505,675,435,30,250,1465,880,375,100,410,"     2.5",400,730,490,480
"BU03639401",3735,1865,1865,510,565,1195,1125,350,405,2800,1905,970,305,640,"     2.0",980,1460,700,530
"BU03639402",2290,1075,1210,385,320,495,715,385,190,1820,1280,735,150,400,"     1.8",980,630,220,280
"BU03639403",2625,1265,1360,390,300,745,725,470,230,1880,1625,1065,165,405,"     1.6",900,860,260,515
"BU03639404",1005,505,495,160,160,225,300,165,85,645,465,200,90,185,"     2.2",320,310,150,275
"BU03639405",2415,1240,1175,475,410,830,555,150,215,1775,1305,750,175,390,"     1.8",630,710,570,425
"BU03639406",1335,655,680,355,190,520,240,40,105,995,555,215,80,265,"     2.4",310,400,320,235
"BU03639407",1460,710,745,310,260,410,385,100,80,1155,615,245,90,280,"     2.4",520,410,180,225
"BU03639408",1750,830,920,360,255,580,470,95,140,1375,780,340,100,345,"     2.2",420,560,390,235
"BU03639409",3185,1700,1480,260,410,775,805,940,590,1045,1980,1210,475,300,"     1.6",540,1060,950,1550
"BU03639410",2180,1135,1045,295,260,465,700,470,270,1240,1205,720,175,315,"     1.8",670,660,390,670
"BU03639411",330,175,155,85,30,165,55,0,30,225,130,40,35,65,"     2.5",60,130,160,75
"BU03639412",1775,955,820,335,220,515,605,110,85,1535,1035,670,90,280,"     1.7",690,610,120,155
"BU03639413",3145,1560,1585,580,555,1020,785,215,430,2135,1710,955,240,525,"     1.8",1270,810,460,580
"BU03639500",2860,1500,1355,350,245,930,760,580,560,975,1745,1015,400,335,"     1.6",390,950,1040,1325
"BU03639501",20,10,10,5,5,5,15,5,0,5,10,5,5,5,"     2.1",0,0,0,15
"BU03639502",35,15,15,0,10,5,15,10,5,5,15,10,10,5,"     2.1",0,0,0,25
"BU03639600",2915,1295,1615,655,440,655,695,475,190,2115,1485,810,145,540,"     2.0",950,930,190,610
"BU03639601",4305,1950,2350,925,615,1140,1140,485,270,3300,2045,960,245,850,"     2.1",1350,1510,380,735
"BU03639602",2510,1240,1265,345,250,595,660,670,325,1075,1160,415,345,405,"     2.2",440,870,650,1110
"BU03639603",2035,1030,1000,310,235,685,615,190,240,1280,1035,555,170,320,"     1.9",610,670,380,515
"BU03639604",1455,705,750,185,195,415,420,250,190,845,910,590,125,200,"     1.6",470,480,270,420
"BU03639605",2460,1190,1270,370,310,720,660,410,235,1545,1300,690,200,420,"     1.9",880,770,330,680
"BU03639606",2570,1270,1295,390,270,710,745,465,345,1235,1230,520,300,415,"     2.1",560,860,600,990
"BU03639700",3010,1500,1510,525,400,885,820,385,340,1905,1665,1020,185,470,"     1.7",900,1020,430,765
"BU03639701",1685,810,875,315,220,570,485,105,160,1230,870,465,105,310,"     1.9",360,360,620,295
"BU03639702",3310,1695,1615,435,410,720,1205,540,455,1125,1405,395,430,585,"     2.4",570,1240,890,1730
"BU03639703",3420,1660,1755,505,335,955,1085,545,390,1750,1645,660,375,620,"     2.1",550,780,1420,1280
"BU03639800",1485,705,775,255,180,330,465,265,150,165,635,180,195,270,"     2.3",260,580,280,1170
"BU03639801",120,65,55,40,10,30,35,10,15,10,35,5,10,30,"     3.2",20,20,60,95
